dataset,precision_floor_from,precision_floor,model,target,t,s,value,precision,f1
MSLesSeg,DiceCE,0.8522791613230817,CATMIL,small_recall,0.1,15,0.8435832606456177,0.852776505565138,0.8642498730377655
MSLesSeg,DiceCE,0.8522791613230817,CATMIL,recall,0.1,15,0.8876173747216406,0.852776505565138,0.8642498730377655
MSLesSeg,DiceCE,0.8522791613230817,DiceCE,small_recall,0.1,4,0.8015577340491529,0.856473950140594,0.8491279594651809
MSLesSeg,DiceCE,0.8522791613230817,DiceCE,recall,0.1,4,0.8537186564197089,0.856473950140594,0.8491279594651809
MSLesSeg,DiceCE,0.8522791613230817,Tversky,small_recall,0.1,10,0.8200968918360223,0.8527708484723023,0.8551549701290722
MSLesSeg,DiceCE,0.8522791613230817,Tversky,recall,0.1,10,0.8704590872976414,0.8527708484723023,0.8551549701290722
MSLesSeg,DiceCE,0.8522791613230817,FocalTversky,small_recall,0.1,7,0.8242764949687146,0.8556147397047962,0.8584325141455948
MSLesSeg,DiceCE,0.8522791613230817,FocalTversky,recall,0.1,7,0.8745999942036675,0.8556147397047962,0.8584325141455948
MSLesSeg,Tversky,0.8187825113391061,CATMIL,small_recall,0.8,4,0.8493783195785485,0.8195336665759119,0.846715115837427
MSLesSeg,Tversky,0.8187825113391061,CATMIL,recall,0.4,7,0.8908336987596348,0.8222544218123968,0.8488982260718018
MSLesSeg,Tversky,0.8187825113391061,DiceCE,small_recall,0.1,1,0.8226635632356457,0.8227860845004539,0.8368551037654577
MSLesSeg,Tversky,0.8187825113391061,DiceCE,recall,0.1,1,0.8670954744395912,0.8227860845004539,0.8368551037654577
MSLesSeg,Tversky,0.8187825113391061,Tversky,small_recall,0.1,3,0.8360147592470246,0.8234556550860859,0.8438440395839386
MSLesSeg,Tversky,0.8187825113391061,Tversky,recall,0.1,3,0.8817287079687753,0.8234556550860859,0.8438440395839386
MSLesSeg,Tversky,0.8187825113391061,FocalTversky,small_recall,0.1,1,0.8377779418225643,0.8198854180987143,0.8435942750194027
MSLesSeg,Tversky,0.8187825113391061,FocalTversky,recall,0.1,1,0.885605289653544,0.8198854180987143,0.8435942750194027
MSLesSeg,FocalTversky,0.8277748564819305,CATMIL,small_recall,0.2,10,0.8472826324027697,0.8308464285415592,0.852888486766701
MSLesSeg,FocalTversky,0.8277748564819305,CATMIL,recall,0.2,10,0.889694647788686,0.8308464285415592,0.852888486766701
MSLesSeg,FocalTversky,0.8277748564819305,DiceCE,small_recall,0.1,2,0.8121886440536326,0.8388880542649373,0.8428122494054703
MSLesSeg,FocalTversky,0.8277748564819305,DiceCE,recall,0.1,2,0.8601686942236061,0.8388880542649373,0.8428122494054703
MSLesSeg,FocalTversky,0.8277748564819305,Tversky,small_recall,0.2,3,0.8343641956399394,0.8289880536244129,0.8463939039553731
MSLesSeg,FocalTversky,0.8277748564819305,Tversky,recall,0.2,3,0.8805029152744221,0.8289880536244129,0.8463939039553731
MSLesSeg,FocalTversky,0.8277748564819305,FocalTversky,small_recall,0.1,2,0.8356125040736024,0.8321465983432669,0.8497979661168713
MSLesSeg,FocalTversky,0.8277748564819305,FocalTversky,recall,0.1,2,0.8841064272793415,0.8321465983432669,0.8497979661168713
3D-MR-MS,DiceCE,0.7091009094527398,CATMIL,small_recall,0.3,15,0.5457429799157248,0.7198544632054267,0.6751900097238487
3D-MR-MS,DiceCE,0.7091009094527398,CATMIL,recall,0.3,15,0.640224600107528,0.7198544632054267,0.6751900097238487
3D-MR-MS,DiceCE,0.7091009094527398,DiceCE,small_recall,0.2,2,0.5561075253770851,0.7091827273477905,0.679224276304636
3D-MR-MS,DiceCE,0.7091009094527398,DiceCE,recall,0.2,2,0.6600286591108369,0.7091827273477905,0.679224276304636
3D-MR-MS,DiceCE,0.7091009094527398,Tversky,small_recall,0.4,7,0.5486133745796862,0.7132311024170435,0.6751381720599937
3D-MR-MS,DiceCE,0.7091009094527398,Tversky,recall,0.4,7,0.6496055651176134,0.7132311024170435,0.6751381720599937
3D-MR-MS,DiceCE,0.7091009094527398,FocalTversky,small_recall,0.4,7,0.5510914624547409,0.7111129351934945,0.6750137345424967
3D-MR-MS,DiceCE,0.7091009094527398,FocalTversky,recall,0.4,7,0.6505744000259799,0.7111129351934945,0.6750137345424967
3D-MR-MS,Tversky,0.6300983640125757,CATMIL,small_recall,0.1,15,0.577045380150276,0.6589011911079821,0.6605707269054667
3D-MR-MS,Tversky,0.6300983640125757,CATMIL,recall,0.1,15,0.6675180957432605,0.6589011911079821,0.6605707269054667
3D-MR-MS,Tversky,0.6300983640125757,DiceCE,small_recall,0.1,1,0.5719015718092173,0.6418362830704971,0.653288550957256
3D-MR-MS,Tversky,0.6300983640125757,DiceCE,recall,0.1,1,0.6733799077712467,0.6418362830704971,0.653288550957256
3D-MR-MS,Tversky,0.6300983640125757,Tversky,small_recall,0.1,3,0.5643148082902504,0.6514505375409956,0.6511020909217484
3D-MR-MS,Tversky,0.6300983640125757,Tversky,recall,0.1,3,0.663270647730184,0.6514505375409956,0.6511020909217484
3D-MR-MS,Tversky,0.6300983640125757,FocalTversky,small_recall,0.1,3,0.5698163654400208,0.6528598901990843,0.6544834425291055
3D-MR-MS,Tversky,0.6300983640125757,FocalTversky,recall,0.1,3,0.6695148969643172,0.6528598901990843,0.6544834425291055
3D-MR-MS,FocalTversky,0.6291154813573064,CATMIL,small_recall,0.1,15,0.577045380150276,0.6589011911079821,0.6605707269054667
3D-MR-MS,FocalTversky,0.6291154813573064,CATMIL,recall,0.1,15,0.6675180957432605,0.6589011911079821,0.6605707269054667
3D-MR-MS,FocalTversky,0.6291154813573064,DiceCE,small_recall,0.1,1,0.5719015718092173,0.6418362830704971,0.653288550957256
3D-MR-MS,FocalTversky,0.6291154813573064,DiceCE,recall,0.1,1,0.6733799077712467,0.6418362830704971,0.653288550957256
3D-MR-MS,FocalTversky,0.6291154813573064,Tversky,small_recall,0.1,3,0.5643148082902504,0.6514505375409956,0.6511020909217484
3D-MR-MS,FocalTversky,0.6291154813573064,Tversky,recall,0.1,3,0.663270647730184,0.6514505375409956,0.6511020909217484
3D-MR-MS,FocalTversky,0.6291154813573064,FocalTversky,small_recall,0.1,2,0.5746374577187401,0.6292066604441751,0.6425893228725611
3D-MR-MS,FocalTversky,0.6291154813573064,FocalTversky,recall,0.1,2,0.6729572377560556,0.6292066604441751,0.6425893228725611
