rule,reference,evaluated_on,min_size_units,catmil_t,catmil_s,ref_t,ref_s,small_recall_catmil,small_recall_ref,small_recall_delta,small_recall_ci_low,small_recall_ci_high,small_recall_p,recall_catmil,recall_ref,recall_delta,recall_ci_low,recall_ci_high,recall_p,precision_catmil,precision_ref,precision_delta,precision_ci_low,precision_ci_high,precision_p,f1_catmil,f1_ref,f1_delta,f1_ci_low,f1_ci_high,f1_p
iso-precision,DiceCE,MSLesSeg,voxels,0.1,15,0.5,1,0.8435832606456177,0.7956208507781735,0.04796240986744438,0.012767038086137461,0.11062526666908827,0.03125,0.8876173747216406,0.8467997368867719,0.04081763783486869,0.013783273368293367,0.08444986480786104,0.03125,0.852776505565138,0.8522791613230817,0.0004973442420560525,-0.02350203531471194,0.02342295417474971,0.84375,0.8642498730377655,0.8432941484815977,0.020955724556167787,0.004581870956810105,0.04130722582249419,0.03125
iso-precision,DiceCE,3D-MR-MS,voxels,0.1,15,0.5,1,0.577045380150276,0.5372472057511676,0.039798174399108266,-0.002484657139692064,0.08654796950002124,0.0625,0.6675180957432605,0.6447232325528529,0.022794863190407688,-0.014484126984127044,0.06682811096136565,0.625,0.6589011911079821,0.7091009094527398,-0.05019971834475778,-0.0988071133825106,0.0008792621459871473,0.03125,0.6605707269054667,0.6682741626688565,-0.00770343576338961,-0.03559129135043251,0.02266925772700981,0.4375
iso-precision,DiceCE,3D-MR-MS,mm3,0.1,85,0.5,1,0.3207596592011767,0.5372472057511676,-0.21648754654999086,-0.3473407396857048,-0.08125694970227168,0.0625,0.4706964876577288,0.6447232325528529,-0.1740267448951241,-0.28531746031746025,-0.063436495307375,0.0625,0.8093920387711044,0.7091009094527398,0.1002911293183647,-0.002928930345247882,0.20062342009635634,0.09375,0.592676990090326,0.6682741626688565,-0.07559717257853038,-0.18022433858660322,0.017982993717133633,0.3125
best-F1,DiceCE,MSLesSeg,voxels,0.1,30,0.4,15,0.7950229752661102,0.770902911606573,0.024120063659537228,-0.011675129940891248,0.07756432748538,0.5625,0.8568337585320576,0.8293903998244516,0.027443358707605725,-0.001941906311058866,0.07063317590462095,0.21875,0.9041430164033362,0.9141359308159549,-0.009992914412618958,-0.028119162259637755,0.006601742146676837,0.03125,0.8759426930868706,0.864750973639613,0.011191719447257609,-0.008506854356273283,0.03470624944220832,0.4375
best-F1,DiceCE,3D-MR-MS,voxels,0.1,30,0.4,15,0.5383614986285921,0.4861751504050922,0.05218634822349999,0.01396825396825407,0.09331031425356347,0.0625,0.6354219212880272,0.6037980764026456,0.031623844885381724,-0.004761904761904637,0.06839063802379326,0.1875,0.7490917916513621,0.8006604894834218,-0.05156869783205964,-0.10060954180328208,-0.011333392143632746,0.03125,0.6848334618301737,0.6832704469783895,0.00156301485178445,-0.02670270932821747,0.026424955416032625,0.84375
best-F1,DiceCE,3D-MR-MS,mm3,0.1,170,0.4,85,0.11800373316141799,0.20503736076648918,-0.08703362760507116,-0.19953040148560167,0.015397547957630814,0.21875,0.31429735112958573,0.38910182509011787,-0.07480447396053219,-0.15436936424945064,0.002756260892627063,0.21875,0.8189180028622364,0.8232672685450917,-0.004349265682855319,-0.05708049903163662,0.05041323637185377,1.0,0.44980267110968875,0.523719329837125,-0.07391665872743625,-0.15204453243562155,0.005389870416183978,0.21875
iso-precision,Tversky,MSLesSeg,voxels,0.8,4,0.5,1,0.8493783195785485,0.8335785963760791,0.01579972320246925,-0.013273154111969773,0.05976896751920164,0.4375,0.8901234623403471,0.8798984153471938,0.01022504699315352,-0.009480613958096813,0.03741118604771902,0.4375,0.8195336665759119,0.8187825113391061,0.0007511552368055785,-0.04572200208712359,0.03752218067324452,1.0,0.846715115837427,0.840186207983111,0.006528907854316035,-0.01748639641037275,0.028283629976156972,0.84375
iso-precision,Tversky,3D-MR-MS,voxels,0.8,4,0.5,1,0.5536554996664143,0.5637933567717899,-0.010137857105375514,-0.04947058823529418,0.024172525239652628,0.625,0.6445809292876808,0.6608772917365779,-0.016296362448896984,-0.04920634920634914,0.01398774680933984,0.21875,0.6598033343483524,0.6300983640125757,0.02970497033577668,-0.03952858633897697,0.0936401209751293,0.4375,0.6471780569538932,0.6394749182938203,0.0077031386600728835,-0.020407822419139344,0.03694235175582361,0.6875
iso-precision,Tversky,3D-MR-MS,mm3,0.8,20,0.5,1,0.5001161677873647,0.5637933567717899,-0.06367718898442509,-0.12223388314588399,-0.0203312058394574,0.03125,0.5998745656480369,0.6608772917365779,-0.06100272608854107,-0.11159450132064654,-0.027683292694587868,0.03125,0.8021718096235804,0.6300983640125757,0.1720734456110048,0.11292712811970848,0.22994137036892925,0.03125,0.6820310234495236,0.6394749182938203,0.04255610515570318,0.006488387790672663,0.06823713260923599,0.03125
best-F1,Tversky,MSLesSeg,voxels,0.1,30,0.4,20,0.7950229752661102,0.7909842476575886,0.00403872760852142,-0.023581693810593947,0.04185632945588607,1.0,0.8568337585320576,0.8505116121484579,0.006322146383599514,-0.013195098655020148,0.034709907794653445,1.0,0.9041430164033362,0.8935755023648806,0.010567514038455461,-0.009304169197526531,0.031041785120487525,0.21875,0.8759426930868706,0.8665539763396699,0.00938871674720032,-0.0032515995365472285,0.02465089244704753,0.21875
best-F1,Tversky,3D-MR-MS,voxels,0.1,30,0.4,20,0.5383614986285921,0.5179574226360184,0.020404075992573656,-0.02634990662931839,0.07013232233125176,0.6875,0.6354219212880272,0.6199627350371838,0.015459186250843526,-0.027380952380952173,0.05745770931885673,0.84375,0.7490917916513621,0.7561265797590007,-0.007034788107638579,-0.06984063539231222,0.059026560037010234,1.0,0.6848334618301737,0.6766373685075087,0.008196093322665021,-0.029314393353108148,0.04057750779131855,0.6875
best-F1,Tversky,3D-MR-MS,mm3,0.1,170,0.4,100,0.11800373316141799,0.2371239331296003,-0.11912019996818235,-0.21149050321883142,-0.03094133014490363,0.0625,0.31429735112958573,0.4047528388486561,-0.09045548771907036,-0.15578447888589395,-0.025949381533321034,0.0625,0.8189180028622364,0.8189366196407833,-1.861677854719801e-05,-0.04853892899526669,0.03782514965681663,0.6875,0.44980267110968875,0.5375178689804279,-0.087715197870739,-0.1509904116111248,-0.024216749967045273,0.0625
iso-precision,FocalTversky,MSLesSeg,voxels,0.2,10,0.5,1,0.8472826324027697,0.8312774514662387,0.016005180936531138,-0.01169072335940196,0.05690050079909918,0.3125,0.889694647788686,0.8797762890216265,0.00991835876705971,-0.010416475518440018,0.034143099653221085,0.4375,0.8308464285415592,0.8277748564819305,0.0030715720596286022,-0.03565193069561903,0.03509479416846811,1.0,0.852888486766701,0.8455431242813078,0.007345362485393192,-0.008332661267853592,0.022616325529075568,0.4375
iso-precision,FocalTversky,3D-MR-MS,voxels,0.2,10,0.5,1,0.5684864121087031,0.5627786231947433,0.005707788913959844,-0.0355641665229874,0.043016255327584456,1.0,0.6593574658021123,0.663024199222767,-0.003666733420654822,-0.041304001946690684,0.030966509794794605,1.0,0.6356077243471984,0.6291154813573064,0.006492242989891817,-0.05005286336359545,0.06740886057376094,1.0,0.6441274786760474,0.6368381700836536,0.0072893085923938505,-0.02203242217412682,0.03958754712635078,0.6875
iso-precision,FocalTversky,3D-MR-MS,mm3,0.2,60,0.5,1,0.37749078578799944,0.5627786231947433,-0.18528783740674387,-0.30996138630890946,-0.07377045013664112,0.0625,0.5123051054171763,0.663024199222767,-0.1507190938055908,-0.25968852949985016,-0.059523110411096335,0.0625,0.8130613243070389,0.6291154813573064,0.18394584294973226,0.06767789571982513,0.2989702672205974,0.0625,0.6242033399304067,0.6368381700836536,-0.012634830153246845,-0.1234689666231773,0.07921601432017744,0.84375
best-F1,FocalTversky,MSLesSeg,voxels,0.1,30,0.2,20,0.7950229752661102,0.797827900656848,-0.0028049253907378446,-0.034904969056284874,0.03856168069630597,1.0,0.8568337585320576,0.8565422245002908,0.0002915340317667381,-0.023490044879216472,0.02944482187876506,1.0,0.9041430164033362,0.8984972677971765,0.0056457486061596285,-0.020201317261973696,0.02857150407623732,0.4375,0.8759426930868706,0.8718299885085224,0.004112704578348003,-0.007671576663864259,0.01925380972888308,0.5625
best-F1,FocalTversky,3D-MR-MS,voxels,0.1,30,0.2,20,0.5383614986285921,0.5196554530227196,0.018706045605872523,-0.020653594771241734,0.06495787491327176,0.8125,0.6354219212880272,0.6233509960777521,0.012070925210275085,-0.024801587301587213,0.051962454490017435,0.625,0.7490917916513621,0.7536863011840318,-0.0045945095326694885,-0.0548006380795516,0.04639799565660656,0.84375,0.6848334618301737,0.6785526212115995,0.006280840618574146,-0.023279111533857103,0.03604909826668636,0.84375
best-F1,FocalTversky,3D-MR-MS,mm3,0.1,170,0.2,100,0.11800373316141799,0.23768021749288476,-0.11967648433146674,-0.2108962002880248,-0.03469706669465289,0.0625,0.31429735112958573,0.4082788476457492,-0.0939814965161635,-0.16249999999999992,-0.031133662006516665,0.0625,0.8189180028622364,0.8237548401335915,-0.00483683727135531,-0.05507887556170422,0.04463408263626552,1.0,0.44980267110968875,0.5425285128697321,-0.09272584176004328,-0.16158847544524169,-0.02707367756612646,0.0625
