dataset,case,lesion_id,size_vox,size_mm3,nearest_lesion_mm,max_prob_CATMIL,max_prob_DiceCE,max_prob_Tversky,max_prob_FocalTversky
3D-MR-MS,patient03,7,7,1.23046875,7.417475993514309,0.16601112905999998,1.92693898e-05,1.76525585e-07,2.995858151e-07
3D-MR-MS,patient03,9,6,1.0546875,7.03953388096018,0.06965295867200001,0.00018374020120000002,1.3528630312000003e-07,3.31923522e-08
3D-MR-MS,patient03,12,1,0.17578125,5.617622529369316,0.0170417572,0.0009514026599999999,6.125929902e-07,3.052827439e-08
3D-MR-MS,patient03,17,257,45.17578125,21.749689653736144,8.91050752e-05,0.0002898262436,3.7705856259999997e-06,2.0537137899999998e-06
3D-MR-MS,patient03,18,115,20.21484375,20.367541181624656,9.814517800000001e-05,0.001967772082,1.598768514e-05,1.7918047400000002e-06
3D-MR-MS,patient13,4,292,51.328125,9.133899268234844,0.29333588418,0.0015891340260000002,3.59281832e-06,6.171557773399999e-05
3D-MR-MS,patient13,6,48,8.4375,20.44565419707895,0.243680902,0.000527253618,1.9997791412e-07,3.005472212e-07
3D-MR-MS,patient13,7,1,0.17578125,7.37342857835083,0.05254725168,0.0004249769692,5.0273663999999995e-09,1.8229926425999998e-09
3D-MR-MS,patient13,8,1,0.17578125,12.050938163000048,0.00318396294,0.00028011614720000003,7.076477827880001e-08,1.182533381284e-09
3D-MR-MS,patient13,11,61,10.72265625,7.37342857835083,0.00646082548,0.00040137804599999996,7.796471530000001e-07,1.33171397e-06
3D-MR-MS,patient13,13,16,2.8125,13.550468421446869,0.0006119365720000001,0.000233816468,3.32796646e-07,1.8145145642e-07
3D-MR-MS,patient13,15,12,2.109375,17.776211858751505,0.0209022203,0.0005206691620000001,2.6742429319999998e-08,2.6918582854000002e-08
3D-MR-MS,patient13,17,5,0.87890625,12.050938163000048,0.060994600200000006,0.000370081142,1.2621626200000002e-07,5.4836526019999994e-08
3D-MR-MS,patient13,18,1,0.17578125,18.11575896678879,0.00938142546,0.0033145838400000004,5.39321335694e-07,7.145306801792e-07
3D-MR-MS,patient13,19,1,0.17578125,11.659863560986814,0.00068603434,0.000319600474,3.971821814e-10,1.0206248193999999e-11
3D-MR-MS,patient13,20,2,0.3515625,6.487186576455789,0.198591335,0.25131783294,0.3649466820342212,0.274971826154711
3D-MR-MS,patient13,27,2,0.3515625,5.380310878205012,0.0305767182,0.0038345015600000005,2.0017849432999999e-07,2.345123892568e-08
3D-MR-MS,patient13,28,1,0.17578125,2.376623764149129,0.1249937106,0.0048298214879999996,1.8936940884e-07,5.733966466480001e-07
3D-MR-MS,patient13,29,1,0.17578125,2.376623764149129,0.001036926992,0.0001172222176,1.0412556723e-07,2.302073992e-08
3D-MR-MS,patient13,31,52,9.140625,12.185850228987093,0.23264041500000002,0.26008866519999996,0.00113971506112612,0.09747408656144681
3D-MR-MS,patient13,32,10,1.7578125,6.243230618826907,3.7183178358e-06,1.30238555e-05,2.0178871398000003e-08,1.2239266924e-08
3D-MR-MS,patient13,33,1,0.17578125,10.314116645776627,0.0074629449799999996,0.000510480918,5.8562859796000004e-08,8.07356613e-09
3D-MR-MS,patient13,35,1,0.17578125,16.140634257737915,1.2031885012e-05,6.45369628e-06,1.691602554e-07,4.868405758e-08
3D-MR-MS,patient13,39,2,0.3515625,15.116958800942015,0.001829818292,1.15940773e-05,1.721449974e-11,5.5023872918e-13
3D-MR-MS,patient13,42,1,0.17578125,8.098364608262735,0.01684399752,0.0008821557299999999,1.2667949336799998e-08,3.978868505288e-09
3D-MR-MS,patient13,44,1,0.17578125,1.120351186639283,2.15693676e-05,9.13153226e-06,8.3962704e-09,1.1671022617999999e-08
3D-MR-MS,patient13,45,1,0.17578125,1.120351186639283,2.32025846e-05,1.1091603499999999e-05,2.1559764934e-09,1.7360676498400002e-09
3D-MR-MS,patient13,49,10,1.7578125,2.21959638606007,0.15736348360000002,0.000128576884,1.1914231370000001e-06,1.35157031e-07
3D-MR-MS,patient13,51,2,0.3515625,2.21959638606007,0.1972251966,0.000136229144,2.3814307578e-07,1.9617149e-08
3D-MR-MS,patient13,52,8,1.40625,2.286192513096901,0.23265536380000001,0.00016159165200000002,1.5375449356000002e-06,3.3573563479999997e-07
3D-MR-MS,patient13,53,5,0.87890625,8.098364608262735,0.00420325468,0.000711100592,1.3216090454600002e-08,1.1185057123999998e-09
3D-MR-MS,patient18,3,6,1.1865234375,10.667420548577242,0.32068015018,3.602804594e-05,9.59287301472e-05,2.504550906e-06
3D-MR-MS,patient18,11,59,11.66748046875,12.986806284235788,5.5065640199999996e-05,0.0001400131684,7.854412439999999e-07,7.492230340000001e-07
3D-MR-MS,patient18,12,35,6.92138671875,10.667420548577242,2.348576522e-06,7.3627787800000006e-06,8.314138119999999e-07,7.58327776e-07
3D-MR-MS,patient18,17,18,3.5595703125,26.520008403246127,2.9827610587999998e-06,1.541817976e-05,1.4813199878000002e-07,1.9915246040000002e-07
3D-MR-MS,patient21,3,18,3.1640625,11.531648963672561,0.015007147046000003,0.00016371108,3.8897836136e-06,9.776044908e-06
3D-MR-MS,patient21,13,1,0.17578125,1.405752884534058,0.0022888099088,3.10863582e-05,8.71265374e-08,1.203582534e-07
3D-MR-MS,patient21,14,1,0.17578125,12.50332401085492,5.3036946325387184e-11,3.611241064e-08,4.3074684547999995e-08,8.147084824e-08
3D-MR-MS,patient21,17,1,0.17578125,1.009870912488725,4.07009322e-05,1.695534664e-05,4.9761549e-09,3.551412304e-09
3D-MR-MS,patient21,19,2,0.3515625,1.009870912488725,0.0021888402800000002,0.00020753488699999997,1.9293959e-08,2.5447442399999998e-08
3D-MR-MS,patient21,27,1,0.17578125,7.997152865488593,2.1937828719999998e-06,6.6860499e-07,3.1845047e-07,3.10742904e-07
3D-MR-MS,patient21,28,1,0.17578125,1.2835235294270266,0.00044335899600000007,8.7435848e-05,4.88250116e-11,3.058418288e-12
3D-MR-MS,patient21,31,1,0.17578125,7.966516279701132,0.00327852446,0.000677849386,7.00203419544e-10,7.00102044632e-10
3D-MR-MS,patient21,40,2,0.3515625,7.966516279701132,0.0956027666,0.02472141986,0.0017831833632872,0.16602790319339
3D-MR-MS,patient21,44,7,1.23046875,7.977361093613351,0.1769077446,0.00128201706,8.2859454492e-07,6.841856544000001e-07
3D-MR-MS,patient21,69,1,0.17578125,7.276338073313287,0.0158773288,0.00269862696,0.00022409771999944004,5.018600664274732e-05
3D-MR-MS,patient21,75,15,2.63671875,4.862362827014069,0.004400354528,7.17313542e-06,4.016602746e-07,2.2502809780000002e-07
3D-MR-MS,patient21,79,3,0.52734375,8.85518534748264,5.007356e-05,1.86329103e-05,6.36699386e-08,4.557599958000001e-08
3D-MR-MS,patient21,80,1,0.17578125,0.7922079213830525,0.1232755522,0.01650942466,0.0805978180978,0.20217164110980002
3D-MR-MS,patient21,81,1,0.17578125,0.7922079213830525,0.258765776,0.01115799958,0.032001160894200006,0.12496247861399998
3D-MR-MS,patient21,84,1,0.17578125,8.56742518789311,0.0237384248,0.00018139427959999998,1.979642746e-11,9.183250215600001e-13
3D-MR-MS,patient21,85,1,0.17578125,10.69990602004586,0.013049927,0.000785800132,5.4655190878e-10,5.906690245e-12
3D-MR-MS,patient21,88,14,2.4609375,6.21335392743859,0.000971099602,7.42436964e-06,3.224129618e-07,5.027659028e-07
3D-MR-MS,patient21,90,5,0.87890625,9.31730278953858,0.32272968999999996,0.0006819790959999999,5.662746496000001e-08,3.8380904652e-08
3D-MR-MS,patient21,94,1,0.17578125,11.425385125501158,0.0024244042799999995,0.0008706745740000001,2.247796862e-10,1.32246708066e-10
3D-MR-MS,patient21,95,5,0.87890625,6.987347860359729,0.0820251754,0.000629165092,3.071715994e-07,3.9039574859999995e-07
3D-MR-MS,patient21,99,3,0.52734375,7.921425031778709,0.014027037000000001,0.00025775656800000005,1.7896473036000001e-09,1.2648309514e-09
3D-MR-MS,patient21,101,69,12.12890625,8.687664160783061,0.3496111312,0.001150549812,5.822357186799999e-05,0.00312433422374
3D-MR-MS,patient21,106,1,0.17578125,7.531693217107672,0.0013903331,2.64016596e-06,1.8371931339999998e-07,1.5117119e-08
3D-MR-MS,patient21,117,40,7.03125,3.4212583916538737,0.0332645916,0.000959856928,2.0986896e-07,7.25513606e-07
3D-MR-MS,patient21,120,5,0.87890625,3.4212583916538737,0.380595452,0.00257147558,4.003062e-07,1.8827325338200002e-05
3D-MR-MS,patient21,125,26,4.5703125,15.235236270265805,0.00014091661100800002,0.000258929632,2.530315222e-07,1.4818707920000001e-07
3D-MR-MS,patient21,127,13,2.28515625,3.578911347769134,0.010636525162000001,0.000912224652,4.1886259600000003e-07,7.238215996e-07
3D-MR-MS,patient21,137,11,1.93359375,5.09769266508747,0.32119570533999997,0.0002863965892,1.528782476e-07,4.05287213e-07
3D-MR-MS,patient21,143,150,26.3671875,12.56686550252853,0.011797985724,0.0001304585026,2.3814543960000002e-07,5.88110884e-07
3D-MR-MS,patient21,144,2,0.3515625,2.3881084882716737,0.02705924556,0.0001733322346,4.1870302999999994e-07,2.0936623405999997e-06
3D-MR-MS,patient21,147,7,1.23046875,5.15110856869635,0.00969424222,0.00010820347880000001,6.166169315e-07,8.5130896e-08
3D-MR-MS,patient21,149,1,0.17578125,3.069959724188975,0.00173448083,1.8275358299999998e-05,1.1818787915999999e-08,1.668793026e-09
3D-MR-MS,patient21,151,23,4.04296875,2.3881084882716737,0.2653737902,0.060791161780000005,5.872471332e-06,3.64606483316e-05
3D-MR-MS,patient21,161,1,0.17578125,10.643541013645445,0.010568248720000001,0.000291269808,4.190601558e-11,5.0941244923600004e-11
3D-MR-MS,patient21,162,1,0.17578125,12.56686550252853,2.7131416279999998e-05,5.88347564e-06,6.6572086368e-11,2.27900329728e-12
3D-MR-MS,patient21,163,5,0.87890625,3.040723772503178,0.280783126,0.0013491846780000001,1.19466883106e-07,2.2648221462000002e-08
3D-MR-MS,patient21,182,1,0.17578125,11.948333349785955,0.353754364,0.0017643832599999998,1.5890293480000002e-07,3.8953486314000005e-08
3D-MR-MS,patient21,184,4,0.703125,13.56161858335724,0.026369536,0.0002797150312,2.1258924250000003e-09,2.037135828e-11
3D-MR-MS,patient21,187,8,1.40625,10.06127968466531,0.014853009390000001,2.250739202e-05,1.166917874e-06,5.948312304e-07
3D-MR-MS,patient21,207,20,3.515625,3.477744276611104,0.16388885809999998,0.0014044710200000002,6.329016520000001e-07,8.865199036e-07
3D-MR-MS,patient21,214,24,4.21875,3.477744276611104,0.0842215532,0.00128493982,1.5833099740000001e-06,3.9973813892e-06
3D-MR-MS,patient21,215,4,0.703125,3.2861866529473933,0.005375471620000001,3.19680738e-05,1.2383700600000002e-07,8.174400379999999e-08
3D-MR-MS,patient21,217,5,0.87890625,11.949538536988616,0.000719942244,2.4303914100000003e-05,8.3017895132e-08,1.337523886e-08
3D-MR-MS,patient21,221,12,2.109375,13.867643097020961,0.29840690799999997,0.0006335850901999999,8.279041703999999e-07,9.489460420000001e-07
3D-MR-MS,patient21,226,12,2.109375,7.5215584980069545,0.029051349900000002,7.33088764e-05,2.3207410480000004e-07,6.33932438e-08
3D-MR-MS,patient21,227,1,0.17578125,16.48697599663169,1.58700910452e-07,9.750849930000001e-08,1.6390732070000003e-07,9.334206080000001e-08
3D-MR-MS,patient21,245,1,0.17578125,3.1953566413317667,0.004429899653,3.73219876e-06,3.2290987052e-08,6.03323543e-09
3D-MR-MS,patient21,249,1,0.17578125,20.11178610435835,2.201791369066e-11,3.1684561394e-08,3.0665070264e-08,1.953361796e-08
3D-MR-MS,patient26,6,9,1.58203125,11.391509614875977,0.020924821522,0.000168028483,1.5779852762e-06,8.980809952e-08
3D-MR-MS,patient26,7,26,4.5703125,4.887836255544746,0.25067944600000003,0.000264080371,6.380829802e-07,2.1404929309999999e-07
3D-MR-MS,patient26,9,2,0.3515625,3.5609007660809735,0.0025938101800000004,0.0002732461412,1.2896303046799998e-13,5.4760375859999995e-16
3D-MR-MS,patient26,10,2,0.3515625,5.014861768527636,0.000466591104,7.674964e-05,1.1764353000788e-09,1.423129616611e-11
3D-MR-MS,patient26,12,4,0.703125,7.872410515961796,0.0021522293679999997,0.0002595691236,6.667195094000001e-08,4.131320728e-09
3D-MR-MS,patient26,18,1,0.17578125,5.8399330148353235,0.01825508928,0.00016219524400000002,1.6769702768e-07,1.762997104e-07
3D-MR-MS,patient26,19,4,0.703125,12.786245667821332,0.0009049476140000001,0.00024373095600000003,2.497970924e-10,1.119118248e-11
3D-MR-MS,patient26,22,16,2.8125,5.703330599557443,0.2365491012,0.00187721322,0.0326700954817948,0.00169407813417712
3D-MR-MS,patient29,3,12,2.109375,4.298074987235637,0.41047708,0.1712310544,0.21409407860399998,0.38513556000000004
3D-MR-MS,patient29,9,48,8.4375,18.835174012075733,0.40427017492,0.000569960718,1.7752994519999998e-07,8.969243312000001e-08
3D-MR-MS,patient29,10,108,18.984375,17.447243556511452,0.0001139756351,0.000128309264,1.57711599e-06,2.073902292e-07
3D-MR-MS,patient29,14,179,31.46484375,3.3732941989601235,2.05702024e-05,3.97017546e-05,2.22926003e-06,1.8193687300000002e-06
3D-MR-MS,patient29,15,1,0.17578125,3.3732941989601235,7.14040114e-07,3.77925456e-07,7.11760214e-08,3.5749663319999996e-08
MSLesSeg,P13_T1,14,3,3.0,18.460323741637897,2.8235705940000002e-05,4.672316240000001e-06,1.252593986e-07,3.842159506e-09
MSLesSeg,P13_T2,3,31,31.0,10.913718706066641,0.22002389579999998,0.0001378399268,4.7730010071999995e-06,2.4062903643e-06
MSLesSeg,P13_T2,26,2,2.0,2.0615528128088303,6.498048446000001e-06,1.048341266e-06,1.5051523156e-08,1.812343158e-08
MSLesSeg,P13_T2,27,1,1.0,2.0615528128088303,0.000244232521,3.0289624300000004e-06,4.3066578514e-09,7.58298489e-09
MSLesSeg,P13_T2,30,2,2.0,5.004068112487938,0.4265789412,0.00031647727389999997,0.07749268182931088,0.007244777312116672
MSLesSeg,P13_T2,58,2,2.0,4.596912006989042,0.000835372268,8.285777919999999e-06,1.646811764e-09,4.9035607119999995e-09
MSLesSeg,P26_T1,12,10,10.0,26.619431392720976,0.1907629836,0.00010626290580000001,1.05280402992e-05,0.03491723016805513
MSLesSeg,P26_T1,14,50,50.0,15.91312044000892,3.6270558879999994e-05,3.43238172e-05,1.1495496761e-08,1.8841317229149998e-07
MSLesSeg,P26_T1,18,30,30.0,19.34886602613662,0.20768802879999998,1.034078626e-05,8.152175948e-08,1.412651324e-07
MSLesSeg,P26_T1,22,69,69.0,31.23094634188641,0.38657779317999996,0.16893870218,0.2482419187,0.3998690738756774
MSLesSeg,P2_T1,13,2,2.0,3.8222268748137544,0.0033172336928,4.694543316e-06,2.96933776e-09,3.1397713143199996e-09
MSLesSeg,P2_T1,14,38,38.0,3.8222268748137544,0.50287523548,0.00725777675382,0.21764933850881882,0.20000000325198924
MSLesSeg,P2_T2,1,41,41.0,30.55103715139931,0.0003396626132,2.68983766e-05,2.4448181768000002e-08,5.28143126e-09
MSLesSeg,P2_T2,4,63,63.0,48.83877327394117,0.0029441646605,5.288874293999999e-05,5.459066332e-08,3.349135804e-08
MSLesSeg,P2_T2,8,34,34.0,11.083556872508,5.04890916e-05,2.0796109699999998e-05,4.803464946e-08,4.42247358126e-08
MSLesSeg,P2_T2,10,158,158.0,18.788169009133075,0.000465120372,1.75963212e-05,0.0009763523084056,0.04303305776523115
MSLesSeg,P2_T4,1,74,74.0,31.52882594113223,0.0026407432862,0.0001452440314,5.5840150368000006e-08,5.4597527400000005e-09
MSLesSeg,P2_T4,8,51,51.0,17.872006432343394,0.0002162204778,1.094428552e-05,5.680983371362001e-05,4.7155332679999997e-08
MSLesSeg,P2_T4,15,1,1.0,5.140111386866414,0.000247292834,0.0001616536254,5.699745561199999e-10,2.277923970145747e-06
MSLesSeg,P47_T1,52,12,12.0,20.95740387090706,0.0637590178,0.001038110296,2.7617210616588e-08,1.2265478710749399e-08
MSLesSeg,P47_T1,58,2,2.0,9.13755829092838,6.68039705e-05,1.1664297780000001e-05,9.622123724e-09,8.00279817e-09
MSLesSeg,P49_T1,21,4,4.0,10.513849526027835,0.286043936,4.41566397e-05,1.7371448760000002e-08,2.223714475e-08
MSLesSeg,P49_T1,29,8,8.0,3.491119686671698,0.07644507780000001,0.0002314452266,2.5714025875999998e-08,1.5074952196280001e-05
MSLesSeg,P52_T1,6,3,3.0,2.4094720491334916,0.20260696027999997,2.067797886e-05,1.5821780774e-07,9.401112538760001e-07
MSLesSeg,P52_T1,7,2,2.0,2.4094720491334916,0.22639350364799998,0.0003430183176,0.24073129264428,0.04165781081061285
MSLesSeg,P52_T1,9,32,32.0,16.85908042526323,0.4472524013,0.2920340129025,0.20412514589363334,0.2000266948643174
MSLesSeg,P52_T1,23,1,1.0,8.050954417707961,9.94261202e-06,8.25905712e-08,1.812126494e-08,2.051946952e-08
MSLesSeg,P52_T2,7,18,18.0,10.117502389193493,0.00037717267320000003,4.210868586e-06,4.3008976840000005e-07,6.561628429999999e-08
