dataset,reference,size_bin,n,both,catmil_only,reference_only,neither
MSLesSeg,DiceCE,≤10,26,2,9,0,15
MSLesSeg,DiceCE,11–50,76,57,10,0,9
MSLesSeg,DiceCE,51–150,147,136,6,0,5
MSLesSeg,DiceCE,151–200,33,30,2,0,1
MSLesSeg,DiceCE,>200,79,78,1,0,0
MSLesSeg,DiceCE,all,361,303,28,0,30
MSLesSeg,Tversky,≤10,26,5,6,0,15
MSLesSeg,Tversky,11–50,76,64,3,0,9
MSLesSeg,Tversky,51–150,147,138,4,0,5
MSLesSeg,Tversky,151–200,33,31,1,0,1
MSLesSeg,Tversky,>200,79,79,0,0,0
MSLesSeg,Tversky,all,361,317,14,0,30
MSLesSeg,FocalTversky,≤10,26,6,5,1,14
MSLesSeg,FocalTversky,11–50,76,64,3,0,9
MSLesSeg,FocalTversky,51–150,147,138,4,1,4
MSLesSeg,FocalTversky,151–200,33,31,1,0,1
MSLesSeg,FocalTversky,>200,79,79,0,0,0
MSLesSeg,FocalTversky,all,361,318,13,2,28
3D-MR-MS,DiceCE,≤10,78,4,7,0,67
3D-MR-MS,DiceCE,11–50,94,60,13,0,21
3D-MR-MS,DiceCE,51–150,104,88,9,0,7
3D-MR-MS,DiceCE,151–200,21,18,2,0,1
3D-MR-MS,DiceCE,>200,92,87,1,2,2
3D-MR-MS,DiceCE,all,389,257,32,2,98
3D-MR-MS,Tversky,≤10,78,4,7,1,66
3D-MR-MS,Tversky,11–50,94,62,11,0,21
3D-MR-MS,Tversky,51–150,104,89,8,0,7
3D-MR-MS,Tversky,151–200,21,17,3,0,1
3D-MR-MS,Tversky,>200,92,88,0,2,2
3D-MR-MS,Tversky,all,389,260,29,3,97
3D-MR-MS,FocalTversky,≤10,78,6,5,0,67
3D-MR-MS,FocalTversky,11–50,94,61,12,0,21
3D-MR-MS,FocalTversky,51–150,104,88,9,0,7
3D-MR-MS,FocalTversky,151–200,21,18,2,0,1
3D-MR-MS,FocalTversky,>200,92,86,2,2,2
3D-MR-MS,FocalTversky,all,389,259,30,2,98
