dataset,lesions,n,min_coverage,recall_CATMIL,recall_DiceCE,recall_Tversky,recall_FocalTversky,delta_vs_DiceCE,ci_low,ci_high
MSLesSeg,small (<=150 vox),249,0.0,0.8827309236947791,0.7791164658634538,0.8289156626506025,0.8329317269076305,0.10361445783132528,0.04600756482357037,0.17583599624060153
MSLesSeg,small (<=150 vox),249,0.1,0.8650602409638555,0.7670682730923695,0.8176706827309237,0.8184738955823293,0.09799196787148601,0.03902335675899125,0.17028204691557747
MSLesSeg,small (<=150 vox),249,0.25,0.8361445783132531,0.7429718875502008,0.8016064257028113,0.7991967871485943,0.09317269076305223,0.03232973127886975,0.16225196801199554
MSLesSeg,small (<=150 vox),249,0.5,0.7598393574297189,0.678714859437751,0.7502008032128514,0.7477911646586345,0.08112449799196786,0.029090909090909164,0.13770491803278684
MSLesSeg,all,361,0.0,0.9146814404432133,0.8354570637119113,0.874792243767313,0.8770083102493075,0.079224376731302,0.0360189573459716,0.13371757925072048
MSLesSeg,all,361,0.1,0.9002770083102493,0.824376731301939,0.8653739612188366,0.8664819944598338,0.07590027700831026,0.031759504510784124,0.12996861680387686
MSLesSeg,all,361,0.25,0.8753462603878116,0.8055401662049861,0.8526315789473684,0.8515235457063712,0.06980609418282546,0.02323162564875276,0.12266878306878307
MSLesSeg,all,361,0.5,0.7983379501385042,0.7346260387811634,0.8027700831024931,0.8,0.06371191135734078,0.026249999999999996,0.10666759776536314
3D-MR-MS,small (<=150 vox),276,0.0,0.6543478260869565,0.5478260869565217,0.5644927536231884,0.5615942028985508,0.10652173913043483,0.04561004784688988,0.12872815445424135
3D-MR-MS,small (<=150 vox),276,0.1,0.6297101449275362,0.5376811594202898,0.5550724637681159,0.5557971014492754,0.09202898550724636,0.028828828828828812,0.11366906474820149
3D-MR-MS,small (<=150 vox),276,0.25,0.5949275362318841,0.508695652173913,0.5340579710144927,0.5384057971014493,0.08623188405797111,0.00909090909090915,0.1082578822963824
3D-MR-MS,small (<=150 vox),276,0.5,0.55,0.4492753623188406,0.4927536231884058,0.5,0.10072463768115947,0.027906976744186074,0.12915737591514384
3D-MR-MS,all,389,0.0,0.7398457583547557,0.6606683804627249,0.67146529562982,0.67146529562982,0.07917737789203083,0.023253686897334133,0.1000038520801233
3D-MR-MS,all,389,0.1,0.7125964010282776,0.6452442159383034,0.658611825192802,0.6606683804627249,0.0673521850899742,0.016451711204875742,0.08456057007125883
3D-MR-MS,all,389,0.25,0.6802056555269923,0.6200514138817481,0.6365038560411311,0.6426735218508998,0.06015424164524419,-0.015151515151515138,0.07950668419899194
3D-MR-MS,all,389,0.5,0.625706940874036,0.5552699228791774,0.5938303341902313,0.6005141388174807,0.07043701799485858,0.003592814371257469,0.09523837801153714
