setting,family,method,reference,metric,method_mean,reference_mean,delta,ci_low,ci_high,n_patients,patients_favouring_method,method_better,p_wilcoxon,p_holm
MSLesSeg,main,CATMIL,nnUNet,small_lesion_recall,0.8729637357911382,0.7956208502035417,0.0773428855875965,0.029953733539829015,0.1566940076124962,6,6,True,0.03125,0.09375
MSLesSeg,main,CATMIL,nnUNet,fn_lesion_count,2.5666666666666664,4.95,-2.3833333333333337,-5.2857142857142865,-0.8400000000000003,6,6,True,0.03125,0.09375
MSLesSeg,main,CATMIL,nnUNet,fn_volume_fraction,0.021439661896230932,0.034082530731432775,-0.012642868835201843,-0.024763464785330404,-0.00570655883896037,6,6,True,0.03125,0.09375
MSLesSeg,main,CATMIL,nnUNet,dice,0.7834281254415995,0.7795645046805489,0.0038636207610505124,-0.009886127031579539,0.031448612109823894,6,1,True,0.4375,0.65625
MSLesSeg,main,CATMIL,nnUNet,hd95_mm,7.981695648332429,9.037197347084678,-1.0555016987522494,-4.667443025906881,0.7323739188611496,6,4,True,0.5625,1.0
MSLesSeg,main,CATMIL,nnUNet,lesion_f1,0.7570859591414666,0.8432941482998709,-0.08620818915840434,-0.13780196806566963,-0.043402610451098333,6,0,False,0.03125,0.09375
MSLesSeg,main,CATMIL,nnUNet,fp_volume_mm3,1536.8833333333334,1818.5333333333335,-281.6500000000001,-1581.8213636363641,270.96185064935054,6,1,True,0.4375,0.4375
MSLesSeg,main,CATMIL,Tversky,small_lesion_recall,0.8729637357911382,0.833578595781359,0.03938514000977922,0.0038250988278901448,0.09281057409259996,6,6,True,0.03125,0.09375
MSLesSeg,main,CATMIL,Tversky,fn_lesion_count,2.5666666666666664,3.766666666666666,-1.1999999999999997,-2.9777777777777774,-0.2705882352941176,6,6,True,0.03125,0.09375
MSLesSeg,main,CATMIL,Tversky,fn_volume_fraction,0.021439661896230932,0.02570898412586156,-0.0042693222296306295,-0.01373780742413245,0.005548772536389559,6,5,True,0.0625,0.125
MSLesSeg,main,CATMIL,Tversky,dice,0.7834281254415995,0.7705662968067434,0.012861828634856076,0.0008011485705169217,0.03439864874227879,6,5,True,0.21875,0.65625
MSLesSeg,main,CATMIL,Tversky,hd95_mm,7.981695648332429,10.24081541448831,-2.259119766155881,-7.35413512982726,0.1108976505198971,6,4,True,0.15625,0.46875
MSLesSeg,main,CATMIL,Tversky,lesion_f1,0.7570859591414666,0.840186207809302,-0.08310024866783539,-0.14270198962240818,-0.03775106505565081,6,0,False,0.03125,0.09375
MSLesSeg,main,CATMIL,Tversky,fp_volume_mm3,1536.8833333333334,2620.8666666666672,-1083.9833333333338,-2675.099880952381,-301.52,6,6,True,0.03125,0.09375
MSLesSeg,main,CATMIL,FocalTversky,small_lesion_recall,0.8729637357911382,0.8312774508769419,0.04168628491419624,0.005304407878323442,0.10144333155031982,6,6,True,0.03125,0.09375
MSLesSeg,main,CATMIL,FocalTversky,fn_lesion_count,2.5666666666666664,3.6999999999999997,-1.1333333333333333,-2.711111111111111,-0.2666666666666666,6,5,True,0.0625,0.09375
MSLesSeg,main,CATMIL,FocalTversky,fn_volume_fraction,0.021439661896230932,0.02501484867198314,-0.0035751867757522066,-0.011890981224570515,0.007496176226856625,6,5,True,0.21875,0.21875
MSLesSeg,main,CATMIL,FocalTversky,dice,0.7834281254415995,0.7801868914971077,0.003241233944491717,-0.014692481676088498,0.02348823635225725,6,5,True,0.3125,0.65625
MSLesSeg,main,CATMIL,FocalTversky,hd95_mm,7.981695648332429,8.206046847105023,-0.22435119877259435,-2.9206896195574243,2.7154810296118255,6,4,True,0.5625,1.0
MSLesSeg,main,CATMIL,FocalTversky,lesion_f1,0.7570859591414666,0.8455431241038616,-0.08845716496239497,-0.151166496111189,-0.03935551843795124,6,0,False,0.03125,0.09375
MSLesSeg,main,CATMIL,FocalTversky,fp_volume_mm3,1536.8833333333334,2282.4500000000003,-745.5666666666668,-2189.1620000000003,-182.27791666666695,6,6,True,0.03125,0.09375
MSLesSeg,ablation,CATMIL,CAT,small_lesion_recall,0.8729637357911382,0.8230459270276755,0.049917808763462634,0.020387814794666958,0.10112255749412304,6,6,True,0.03125,0.125
MSLesSeg,ablation,CATMIL,CAT,fn_lesion_count,2.5666666666666664,3.883333333333333,-1.3166666666666664,-2.72,-0.5058823529411764,6,6,True,0.03125,0.125
MSLesSeg,ablation,CATMIL,CAT,fn_volume_fraction,0.021439661896230932,0.03193218637875719,-0.010492524482526255,-0.025191633100118068,-0.003423700484117043,6,6,True,0.03125,0.125
MSLesSeg,ablation,CATMIL,CAT,dice,0.7834281254415995,0.7811738167958119,0.0022543086457875727,-0.01039536493922967,0.020570213262405025,6,2,True,0.6875,1.0
MSLesSeg,ablation,CATMIL,CAT,hd95_mm,7.981695648332429,8.684426674445467,-0.702731026113038,-4.7160842610120834,1.9407306503327113,6,4,True,0.21875,0.875
MSLesSeg,ablation,CATMIL,CAT,lesion_f1,0.7570859591414666,0.8385659666901656,-0.081480007548699,-0.14101834993843443,-0.03363285239677693,6,0,False,0.03125,0.125
MSLesSeg,ablation,CATMIL,CAT,fp_volume_mm3,1536.8833333333334,1528.7166666666665,8.16666666666697,-538.2137499999998,370.43409090909074,6,2,False,0.6875,1.0
MSLesSeg,ablation,CATMIL,MIL,small_lesion_recall,0.8729637357911382,0.8711553459700618,0.0018083898210763394,-0.01230787466218022,0.019434978108332848,6,2,True,0.8125,0.8125
MSLesSeg,ablation,CATMIL,MIL,fn_lesion_count,2.5666666666666664,2.533333333333333,0.033333333333333215,-0.2999999999999998,0.3833333333333333,6,2,False,1.0,1.0
MSLesSeg,ablation,CATMIL,MIL,fn_volume_fraction,0.021439661896230932,0.02043976437412646,0.0009998975221044704,-0.00346791076635701,0.007488981627615892,6,2,False,0.4375,0.625
MSLesSeg,ablation,CATMIL,MIL,dice,0.7834281254415995,0.7805056145308836,0.0029225109107158254,-0.016445893451186855,0.020994685204269788,6,4,True,0.5625,1.0
MSLesSeg,ablation,CATMIL,MIL,hd95_mm,7.981695648332429,9.237482179403301,-1.2557865310708722,-6.820080554094906,1.5517987397025899,6,4,True,0.4375,1.0
MSLesSeg,ablation,CATMIL,MIL,lesion_f1,0.7570859591414666,0.749184600169016,0.00790135897245059,-0.01983024536428492,0.030553136152526313,6,5,True,0.15625,0.3125
MSLesSeg,ablation,CATMIL,MIL,fp_volume_mm3,1536.8833333333334,1539.7666666666664,-2.8833333333329847,-638.8754166666665,520.8599999999989,6,3,True,1.0,1.0
MSLesSeg,ablation,CAT,nnUNet,small_lesion_recall,0.8230459270276755,0.7956208502035417,0.027425076824133865,-0.009950218940947792,0.08132306682708536,6,4,True,0.21875,0.4375
MSLesSeg,ablation,CAT,nnUNet,fn_lesion_count,3.883333333333333,4.95,-1.0666666666666673,-2.8,-0.12307692307692308,6,4,True,0.1875,0.375
MSLesSeg,ablation,CAT,nnUNet,fn_volume_fraction,0.03193218637875719,0.034082530731432775,-0.0021503443526755886,-0.00978367129040257,0.0041708854161854195,6,4,True,0.3125,0.625
MSLesSeg,ablation,CAT,nnUNet,dice,0.7811738167958119,0.7795645046805489,0.0016093121152629397,-0.00785517905759848,0.018002700636849722,6,2,True,1.0,1.0
MSLesSeg,ablation,CAT,nnUNet,hd95_mm,8.684426674445467,9.037197347084678,-0.35277067263921147,-3.9186762909094446,2.2822298398332133,6,4,True,0.6875,1.0
MSLesSeg,ablation,CAT,nnUNet,lesion_f1,0.8385659666901656,0.8432941482998709,-0.00472818160970534,-0.020839122309440097,0.014483507014644055,6,2,False,1.0,1.0
MSLesSeg,ablation,CAT,nnUNet,fp_volume_mm3,1528.7166666666665,1818.5333333333335,-289.81666666666706,-1224.821727272728,85.76542780748659,6,3,True,0.84375,1.0
MSLesSeg,ablation,MIL,nnUNet,small_lesion_recall,0.8711553459700618,0.7956208502035417,0.07553449576652016,0.03258355768663186,0.14831389200986292,6,6,True,0.03125,0.125
MSLesSeg,ablation,MIL,nnUNet,fn_lesion_count,2.533333333333333,4.95,-2.416666666666667,-5.257142857142857,-0.8666666666666667,6,6,True,0.03125,0.125
MSLesSeg,ablation,MIL,nnUNet,fn_volume_fraction,0.02043976437412646,0.034082530731432775,-0.013642766357306314,-0.030512787465509252,-0.005378998255476069,6,6,True,0.03125,0.125
MSLesSeg,ablation,MIL,nnUNet,dice,0.7805056145308836,0.7795645046805489,0.0009411098503346871,-0.02078494614223184,0.03960073451952694,6,1,True,0.4375,1.0
MSLesSeg,ablation,MIL,nnUNet,hd95_mm,9.237482179403301,9.037197347084678,0.20028483231862282,-2.7907240054065525,3.4903769848130066,6,4,False,1.0,1.0
MSLesSeg,ablation,MIL,nnUNet,lesion_f1,0.749184600169016,0.8432941482998709,-0.09410954813085493,-0.1483214677878185,-0.053688039972513604,6,0,False,0.03125,0.125
MSLesSeg,ablation,MIL,nnUNet,fp_volume_mm3,1539.7666666666664,1818.5333333333335,-278.7666666666671,-1841.5245,375.9272916666668,6,2,True,0.84375,1.0
MSLesSeg (pp5),main,CATMIL,nnUNet,small_lesion_recall,0.855349568458671,0.7852980474292154,0.07005152102945567,0.023361743797843518,0.15106975760351027,6,6,True,0.03125,0.09375
MSLesSeg (pp5),main,CATMIL,nnUNet,fn_lesion_count,3.1333333333333333,5.233333333333333,-2.1,-4.8,-0.6599705882352943,6,6,True,0.03125,0.09375
MSLesSeg (pp5),main,CATMIL,nnUNet,fn_volume_fraction,0.02376619290753892,0.03525250490865271,-0.011486312001113792,-0.023447682588631964,-0.0043107758330196205,6,6,True,0.03125,0.09375
MSLesSeg (pp5),main,CATMIL,nnUNet,dice,0.7841519951230899,0.7796804720458725,0.004471523077217321,-0.008977386821382544,0.03201646845519586,6,2,True,0.5625,0.65625
MSLesSeg (pp5),main,CATMIL,nnUNet,hd95_mm,8.102837385733922,9.089458632469176,-0.986621246735254,-4.647526565730572,0.7636543481796981,6,4,True,0.5625,1.0
MSLesSeg (pp5),main,CATMIL,nnUNet,lesion_f1,0.8414941889626104,0.8585970526222528,-0.01710286365964242,-0.0395262123168604,0.001082327059403051,6,2,False,0.3125,0.46875
MSLesSeg (pp5),main,CATMIL,nnUNet,fp_volume_mm3,1514.7333333333333,1815.3000000000002,-300.56666666666683,-1610.3814015151513,243.98499999999999,6,1,True,0.4375,0.4375
MSLesSeg (pp5),main,CATMIL,Tversky,small_lesion_recall,0.855349568458671,0.8222817313682982,0.033067837090372865,0.0005318558264950075,0.07918074856870716,6,6,True,0.03125,0.09375
MSLesSeg (pp5),main,CATMIL,Tversky,fn_lesion_count,3.1333333333333333,4.066666666666666,-0.9333333333333331,-2.3777777777777773,-0.12727272727272698,6,6,True,0.03125,0.09375
MSLesSeg (pp5),main,CATMIL,Tversky,fn_volume_fraction,0.02376619290753892,0.027729699890765763,-0.003963506983226842,-0.013443523886993956,0.005166641645506298,6,6,True,0.03125,0.09375
MSLesSeg (pp5),main,CATMIL,Tversky,dice,0.7841519951230899,0.7706621612964736,0.013489833826616282,0.0014890976655970334,0.035022897126546375,6,5,True,0.21875,0.65625
MSLesSeg (pp5),main,CATMIL,Tversky,hd95_mm,8.102837385733922,10.358498426278432,-2.25566104054451,-7.250772023717562,0.1004946122566861,6,5,True,0.09375,0.28125
MSLesSeg (pp5),main,CATMIL,Tversky,lesion_f1,0.8414941889626104,0.8531681593910837,-0.01167397042847329,-0.03826575959466587,0.0061050764927076395,6,2,False,0.21875,0.46875
MSLesSeg (pp5),main,CATMIL,Tversky,fp_volume_mm3,1514.7333333333333,2617.766666666667,-1103.0333333333335,-2705.938,-309.63529411764705,6,6,True,0.03125,0.09375
MSLesSeg (pp5),main,CATMIL,FocalTversky,small_lesion_recall,0.855349568458671,0.819628597468865,0.03572097098980609,5.841214691605174e-05,0.09299771059871567,6,6,True,0.03125,0.09375
MSLesSeg (pp5),main,CATMIL,FocalTversky,fn_lesion_count,3.1333333333333333,4.083333333333333,-0.9499999999999997,-2.4,-0.1411085972850688,6,6,True,0.03125,0.09375
MSLesSeg (pp5),main,CATMIL,FocalTversky,fn_volume_fraction,0.02376619290753892,0.026952522566289317,-0.003186329658750396,-0.011226591018394537,0.006184763437873343,6,5,True,0.15625,0.15625
MSLesSeg (pp5),main,CATMIL,FocalTversky,dice,0.7841519951230899,0.7802822955819662,0.0038696995411237056,-0.014180350611063892,0.024145101142493106,6,5,True,0.3125,0.65625
MSLesSeg (pp5),main,CATMIL,FocalTversky,hd95_mm,8.102837385733922,8.229688709974289,-0.12685132424036638,-2.796661655719464,2.762813228466294,6,4,True,0.84375,1.0
MSLesSeg (pp5),main,CATMIL,FocalTversky,lesion_f1,0.8414941889626104,0.8581678961847986,-0.016673707222188194,-0.04273534667505029,0.001015170246405875,6,2,False,0.15625,0.46875
MSLesSeg (pp5),main,CATMIL,FocalTversky,fp_volume_mm3,1514.7333333333333,2279.366666666667,-764.6333333333334,-2211.0107936507934,-197.10814473684212,6,6,True,0.03125,0.09375
3D-MR-MS,main,CATMIL,nnUNet,small_lesion_recall,0.617936849125216,0.537247205474379,0.08068964365083697,0.03409539778651382,0.12695939371242126,6,5,True,0.0625,0.1875
3D-MR-MS,main,CATMIL,nnUNet,fn_lesion_count,16.866666666666667,22.0,-5.133333333333333,-12.399999999999999,-0.5,6,5,True,0.0625,0.1875
3D-MR-MS,main,CATMIL,nnUNet,fn_volume_fraction,0.08451162999437944,0.06813167213187343,0.01637995786250601,-0.016024476660407207,0.06720689495702394,6,3,False,0.5625,1.0
3D-MR-MS,main,CATMIL,nnUNet,dice,0.7180368475396838,0.7300426012249629,-0.012005753685279119,-0.03209305758380583,0.01015333181448917,6,0,False,0.03125,0.09375
3D-MR-MS,main,CATMIL,nnUNet,hd95_mm,11.553203164339024,11.93691093444824,-0.38370777010921664,-4.14074291719,2.070868826766774,6,3,True,0.84375,1.0
3D-MR-MS,main,CATMIL,nnUNet,lesion_f1,0.4710774137200548,0.6682741625483745,-0.19719674882831967,-0.25844691949649135,-0.14208183234707697,6,0,False,0.03125,0.09375
3D-MR-MS,main,CATMIL,nnUNet,fp_volume_mm3,1232.4279950240452,1233.9953775204776,-1.5673824964324012,-109.85172787912961,110.14480757328784,6,3,True,1.0,1.0
3D-MR-MS,main,CATMIL,Tversky,small_lesion_recall,0.617936849125216,0.5637933564809156,0.054143492644300406,0.01904761903401364,0.08575172037090258,6,5,True,0.0625,0.1875
3D-MR-MS,main,CATMIL,Tversky,fn_lesion_count,16.866666666666667,21.3,-4.433333333333334,-11.23333333333333,-0.2666666666666666,6,5,True,0.09375,0.1875
3D-MR-MS,main,CATMIL,Tversky,fn_volume_fraction,0.08451162999437944,0.08159290027210532,0.0029187297222741243,-0.05605487002199646,0.06393394108119484,6,4,False,0.84375,1.0
3D-MR-MS,main,CATMIL,Tversky,dice,0.7180368475396838,0.7258056888129847,-0.007768841273300908,-0.030051108405737086,0.013461350400762706,6,3,False,0.84375,0.84375
3D-MR-MS,main,CATMIL,Tversky,hd95_mm,11.553203164339024,13.380859125057848,-1.8276559607188236,-8.513589937289634,1.498928291519477,6,2,True,0.8125,1.0
3D-MR-MS,main,CATMIL,Tversky,lesion_f1,0.4710774137200548,0.6394749181878823,-0.16839750446782747,-0.24198017046716158,-0.10569560515599308,6,0,False,0.03125,0.09375
3D-MR-MS,main,CATMIL,Tversky,fp_volume_mm3,1232.4279950240452,1993.9182394582895,-761.4902444342442,-1587.302220918271,-117.98955696801936,6,6,True,0.03125,0.09375
3D-MR-MS,main,CATMIL,FocalTversky,small_lesion_recall,0.617936849125216,0.5627786229042396,0.055158226220976325,0.02131343062934736,0.08740446203695826,6,5,True,0.0625,0.1875
3D-MR-MS,main,CATMIL,FocalTversky,fn_lesion_count,16.866666666666667,21.3,-4.433333333333334,-11.466666666666665,-0.2333333333333334,6,5,True,0.09375,0.1875
3D-MR-MS,main,CATMIL,FocalTversky,fn_volume_fraction,0.08451162999437944,0.07360472732295877,0.010906902671420679,-0.0358333178405016,0.0671343092101636,6,4,False,1.0,1.0
3D-MR-MS,main,CATMIL,FocalTversky,dice,0.7180368475396838,0.7342075576009242,-0.01617071006124038,-0.034930526173372854,0.0012265389047275612,6,1,False,0.15625,0.3125
3D-MR-MS,main,CATMIL,FocalTversky,hd95_mm,11.553203164339024,12.270610282818467,-0.7174071184794428,-6.072213777641438,2.921195769290135,6,3,True,0.625,1.0
3D-MR-MS,main,CATMIL,FocalTversky,lesion_f1,0.4710774137200548,0.636838169978389,-0.16576075625833425,-0.2318776020123428,-0.10775062640070113,6,0,False,0.03125,0.09375
3D-MR-MS,main,CATMIL,FocalTversky,fp_volume_mm3,1232.4279950240452,1958.3686788927298,-725.9406838686846,-1550.122691227054,-91.98819607805854,6,6,True,0.03125,0.09375
