dataset,reference,size_bin,n_lesions,n_patients,recall_catmil,recall_reference,delta,ci_low,ci_high,p_permutation,odds_ratio,or_ci_low,or_ci_high,p_gee,p_holm
3D-MR-MS,nnUNet,small (<=150),276,6,0.6543478260869565,0.5478260869565217,0.10652173913043483,0.04561004784688988,0.12872815445424135,0.0625,1.55499357630285,1.231830678659363,1.9629361926386768,0.00020394817430358542,0.1875
3D-MR-MS,nnUNet,tiny (<=10),78,6,0.15384615384615385,0.0641025641025641,0.08974358974358976,0.0,0.13877551020408163,0.25,3.4827175120243057,1.0569217293755335,11.47608278971348,0.04027112917245925,0.75
3D-MR-MS,nnUNet,11-50,94,6,0.7702127659574468,0.625531914893617,0.14468085106382977,0.05116279069767449,0.19090909090909092,0.0625,1.9804070978495858,1.4060346814448292,2.78941360762367,9.234088253526876e-05,0.1875
3D-MR-MS,nnUNet,51-200,125,6,0.9248,0.8448,0.07999999999999996,0.02285714285714291,0.2098533218291629,0.125,1.8204704326344041,1.3524355861354584,2.450477220557369,7.780852285393814e-05,0.375
3D-MR-MS,nnUNet,>200,92,6,0.9543478260869566,0.9521739130434783,0.0021739130434782483,-0.053333333333333344,0.02758620689655178,1.0,1.0358206872056082,0.6893227135676753,1.556490849532644,0.8654962284695035,1.0
3D-MR-MS,nnUNet,all,389,6,0.7398457583547557,0.6606683804627249,0.07917737789203083,0.023253686897334133,0.1000038520801233,0.0625,1.445727931358062,1.1479133767880325,1.8208074701222106,0.0017357191105793414,0.1875
3D-MR-MS,Tversky,small (<=150),276,6,0.6543478260869565,0.5644927536231884,0.08985507246376812,0.022727272727272707,0.11154684095860568,0.0625,1.4551680602734587,1.035312984966859,2.045288829935619,0.030790325566797422,0.1875
3D-MR-MS,Tversky,tiny (<=10),78,6,0.15384615384615385,0.06923076923076923,0.08461538461538462,-0.017857142857142856,0.14265734265734265,0.5,3.0929318212637504,0.5348336669936972,17.88635951950765,0.20729228351396267,0.75
3D-MR-MS,Tversky,11-50,94,6,0.7702127659574468,0.6468085106382979,0.12340425531914889,0.029265752032520354,0.16304431438127095,0.0625,1.8140456486568155,1.0966799840642552,3.000658043575562,0.020374875247158124,0.1875
3D-MR-MS,Tversky,51-200,125,6,0.9248,0.8592,0.06559999999999999,0.0,0.18723404255319143,0.25,1.6677584171247966,1.261252365214936,2.2052827924065874,0.000332836968388621,0.5
3D-MR-MS,Tversky,>200,92,6,0.9543478260869566,0.9521739130434783,0.0021739130434782483,-0.04583333333333339,0.033333333333333326,1.0,1.0338289727139207,0.7030327600021374,1.520273884277414,0.8657216376751898,1.0
3D-MR-MS,Tversky,all,389,6,0.7398457583547557,0.67146529562982,0.0683804627249357,0.0121212121212122,0.087211093990755,0.09375,1.3796939834366297,1.0287374482927423,1.8503802803040865,0.03162289862485872,0.1875
3D-MR-MS,FocalTversky,small (<=150),276,6,0.6543478260869565,0.5615942028985508,0.09275362318840574,0.02444444444444438,0.11747160981697166,0.0625,1.4725411398292778,1.0223472948436758,2.1209792596177106,0.03764688032259063,0.1875
3D-MR-MS,FocalTversky,tiny (<=10),78,6,0.15384615384615385,0.07948717948717948,0.07435897435897437,-0.008,0.12561983471074378,0.25,2.5877425613323806,0.9214823091866098,7.266999590737641,0.07111414650693185,0.75
3D-MR-MS,FocalTversky,11-50,94,6,0.7702127659574468,0.6382978723404256,0.13191489361702124,0.021052631578947323,0.17588652482269507,0.0625,1.8852095100505841,1.0039945495600315,3.5398746918920985,0.048567902065191876,0.1875
3D-MR-MS,FocalTversky,51-200,125,6,0.9248,0.856,0.06879999999999997,0.0071428571428571175,0.16744186046511622,0.25,1.708121787480845,1.4079920371700336,2.072227657431282,5.6164875684194275e-08,0.5
3D-MR-MS,FocalTversky,>200,92,6,0.9543478260869566,0.9565217391304348,-0.0021739130434782483,-0.05999999999999994,0.03655979543666409,1.0,0.96553230395303,0.7181641937509731,1.2981051381964464,0.816329460631785,1.0
3D-MR-MS,FocalTversky,all,389,6,0.7398457583547557,0.67146529562982,0.0683804627249357,0.010852713178294504,0.08997777203734793,0.09375,1.38011103136396,1.002480861192814,1.8999928403881496,0.04825055390594136,0.1875
MSLesSeg,nnUNet,small (<=150),249,6,0.8827309236947791,0.7791164658634538,0.10361445783132528,0.04600756482357037,0.17583599624060153,0.03125,2.1202025758051195,1.2251076602542326,3.669276675257923,0.007242734768364856,0.09375
MSLesSeg,nnUNet,tiny (<=10),26,6,0.4461538461538462,0.12307692307692308,0.3230769230769231,0.11991666666666671,0.5300357142857138,0.0625,6.219534583659834,0.9583054865657925,40.365635989380245,0.05545002641551852,0.1875
MSLesSeg,nnUNet,11-50,76,6,0.8868421052631579,0.7394736842105263,0.1473684210526316,0.05713403880070549,0.24347826086956526,0.03125,2.6671964936906534,1.14259833235643,6.2261049526339995,0.02331888406950148,0.09375
MSLesSeg,nnUNet,51-200,180,6,0.9566666666666667,0.9133333333333333,0.043333333333333335,0.01748607353175228,0.08659106137764663,0.03125,2.0745919856113235,1.1073411445795047,3.8867262612165328,0.02270973467801335,0.09375
MSLesSeg,nnUNet,>200,79,6,1.0,0.9848101265822785,0.015189873417721489,0.0,0.05161290322580647,1.0,,,,,1.0
MSLesSeg,nnUNet,all,361,6,0.9146814404432133,0.8354570637119113,0.079224376731302,0.0360189573459716,0.13371757925072048,0.03125,2.0983441087758514,1.2339268226910733,3.568321814442534,0.006220750840486201,0.09375
MSLesSeg,Tversky,small (<=150),249,6,0.8827309236947791,0.8289156626506025,0.053815261044176665,0.01625906394199075,0.10105263157894728,0.03125,1.5455582246283988,1.0328992231758394,2.31266533280162,0.03422714592866375,0.09375
MSLesSeg,Tversky,tiny (<=10),26,6,0.4461538461538462,0.24615384615384617,0.2,0.05217391304347824,0.38399999999999995,0.0625,2.543233829243198,0.935771963759139,6.911981295340291,0.06727516068798353,0.1875
MSLesSeg,Tversky,11-50,76,6,0.8868421052631579,0.8105263157894737,0.07631578947368423,0.01975221700573809,0.14117647058823524,0.0625,1.783839683343862,1.0128590016281953,3.1416850822839626,0.04504763425730943,0.125
MSLesSeg,Tversky,51-200,180,6,0.9566666666666667,0.94,0.01666666666666672,0.0,0.03972602739726028,0.125,1.4068883558262777,0.911003186183875,2.1726980495544197,0.12365808873850556,0.125
MSLesSeg,Tversky,>200,79,6,1.0,0.9949367088607595,0.005063291139240533,0.0,0.019513520678685045,1.0,,,,,1.0
MSLesSeg,Tversky,all,361,6,0.9146814404432133,0.874792243767313,0.039889196675900296,0.010896966527196617,0.07520942475275354,0.03125,1.5281359588576504,1.0315058412713798,2.263874246097867,0.03445947522770478,0.09375
MSLesSeg,FocalTversky,small (<=150),249,6,0.8827309236947791,0.8329317269076305,0.049799196787148614,0.016129032258064613,0.09392969363707782,0.03125,1.500709538883949,1.0418972024551323,2.161565569799348,0.029226318752753815,0.09375
MSLesSeg,FocalTversky,tiny (<=10),26,6,0.4461538461538462,0.2923076923076923,0.15384615384615385,0.046653846153846136,0.2761904761904762,0.0625,2.0031791560157175,1.0144190121930101,3.9556895945995483,0.04537065903191822,0.1875
MSLesSeg,FocalTversky,11-50,76,6,0.8868421052631579,0.8157894736842105,0.07105263157894737,0.009638554216867545,0.14864864864864868,0.09375,1.7248137096247127,0.8846901786177127,3.362739188037144,0.10953387591575466,0.125
MSLesSeg,FocalTversky,51-200,180,6,0.9566666666666667,0.9366666666666666,0.020000000000000018,-0.0011112662942272477,0.051219512195121886,0.0625,1.492813423132652,0.9159380759698031,2.4330159153231836,0.10791326080727763,0.125
MSLesSeg,FocalTversky,>200,79,6,1.0,0.9924050632911392,0.0075949367088608,0.0,0.031255266853932505,1.0,,,,,1.0
MSLesSeg,FocalTversky,all,361,6,0.9146814404432133,0.8770083102493075,0.037673130193905835,0.010675524858388226,0.070630197877832,0.0625,1.4967114959313805,1.0237973454093543,2.18807492722835,0.037402108142037635,0.09375
