dataset,case,lesion_id,size_vox,max_inplane_mm,feret_3d_mm
MSLesSeg,P13_T1,1,182,14.92838827718412,15.628738838327793
MSLesSeg,P13_T1,2,127,12.40175425099138,13.328828005937952
MSLesSeg,P13_T1,3,267,14.038404810405298,16.264337522473745
MSLesSeg,P13_T1,4,103,10.219544457292887,11.344080432788601
MSLesSeg,P13_T1,5,71,7.324555320336759,7.6332495807108
MSLesSeg,P13_T1,6,3187,38.21558813185679,41.718546143004666
MSLesSeg,P13_T1,7,604,29.792360097775937,30.223278392404914
MSLesSeg,P13_T1,8,57,7.082762530298219,7.164414002968976
MSLesSeg,P13_T1,9,131,7.708203932499369,7.782329983125268
MSLesSeg,P13_T1,10,117,9.54400374531753,10.273618495495704
MSLesSeg,P13_T1,11,82,6.656854249492381,8.071067811865476
MSLesSeg,P13_T1,12,814,21.248456731316587,21.615528128088304
MSLesSeg,P13_T1,13,697,21.615528128088304,21.639767440550294
MSLesSeg,P13_T1,14,3,2.414213562373095,2.414213562373095
MSLesSeg,P13_T1,15,59,7.324555320336759,7.4031242374328485
MSLesSeg,P13_T1,16,20,5.47213595499958,5.58257569495584
MSLesSeg,P13_T1,17,140,9.94427190999916,11.770329614269007
MSLesSeg,P13_T1,18,83,8.280109889280517,9.306623862918075
MSLesSeg,P13_T1,19,112,9.06225774829855,9.12403840463596
MSLesSeg,P13_T1,20,74,7.708203932499369,8.0
MSLesSeg,P13_T1,21,68,7.4031242374328485,7.48074069840786
MSLesSeg,P13_T1,22,69,8.21110255092798,8.483314773547882
MSLesSeg,P13_T1,23,29,7.324555320336759,7.4031242374328485
MSLesSeg,P13_T1,24,188,11.816653826391969,13.206555615733702
MSLesSeg,P13_T1,25,64,9.246211251235321,10.055385138137417
MSLesSeg,P13_T1,26,506,17.401219466856727,17.673332000533065
MSLesSeg,P13_T1,27,157,10.219544457292887,11.44030650891055
MSLesSeg,P13_T1,28,52,10.219544457292887,10.273618495495704
MSLesSeg,P13_T1,29,700,22.18962010041709,22.563858652847824
MSLesSeg,P13_T1,30,100,8.810249675906654,8.874007874011811
MSLesSeg,P13_T1,31,57,6.830951894845301,7.164414002968976
MSLesSeg,P13_T1,32,66,7.708203932499369,7.782329983125268
MSLesSeg,P13_T1,33,60,6.656854249492381,7.0
MSLesSeg,P13_T1,34,45,6.0,6.0990195135927845
MSLesSeg,P13_T1,35,59,7.324555320336759,7.4031242374328485
MSLesSeg,P13_T1,36,284,15.317821063276353,15.352700094407323
MSLesSeg,P13_T1,37,51,6.0,6.385164807134504
MSLesSeg,P13_T1,38,62,6.0,6.916079783099616
MSLesSeg,P13_T1,39,130,8.21110255092798,9.366600265340756
MSLesSeg,P13_T2,1,105,9.54400374531753,10.539392014169456
MSLesSeg,P13_T2,2,147,15.7648230602334,15.798648586948742
MSLesSeg,P13_T2,3,31,6.0,6.0990195135927845
MSLesSeg,P13_T2,4,44,7.708203932499369,7.782329983125268
MSLesSeg,P13_T2,5,82,9.06225774829855,9.774964387392123
MSLesSeg,P13_T2,6,36,5.47213595499958,5.898979485566356
MSLesSeg,P13_T2,7,325,14.601470508735444,19.24828759089466
MSLesSeg,P13_T2,8,57,7.708203932499369,8.874007874011811
MSLesSeg,P13_T2,9,81,9.06225774829855,9.12403840463596
MSLesSeg,P13_T2,10,24,10.486832980505138,10.486832980505138
MSLesSeg,P13_T2,11,1949,36.35533905932738,41.65710270051225
MSLesSeg,P13_T2,12,86,10.848857801796104,10.899494936611665
MSLesSeg,P13_T2,13,45,6.830951894845301,6.830951894845301
MSLesSeg,P13_T2,14,92,9.06225774829855,9.12403840463596
MSLesSeg,P13_T2,15,225,14.601470508735444,14.74772708486752
MSLesSeg,P13_T2,16,2,2.0,2.0
MSLesSeg,P13_T2,17,528,20.79898987322333,20.82422760159901
MSLesSeg,P13_T2,18,60,6.385164807134504,6.744562646538029
MSLesSeg,P13_T2,19,312,14.601470508735444,15.7648230602334
MSLesSeg,P13_T2,20,39,5.47213595499958,5.58257569495584
MSLesSeg,P13_T2,21,317,14.601470508735444,15.491376746189438
MSLesSeg,P13_T2,22,111,11.04987562112089,11.04987562112089
MSLesSeg,P13_T2,23,161,14.892443989449804,22.213203435596427
MSLesSeg,P13_T2,24,270,12.180339887498949,12.357816691600547
MSLesSeg,P13_T2,25,119,8.810249675906654,9.06225774829855
MSLesSeg,P13_T2,26,2,2.0,2.0
MSLesSeg,P13_T2,27,1,1.0,1.0
MSLesSeg,P13_T2,28,70,9.06225774829855,9.12403840463596
MSLesSeg,P13_T2,29,87,8.810249675906654,9.06225774829855
MSLesSeg,P13_T2,30,2,2.0,2.0
MSLesSeg,P13_T2,31,43,6.0,6.0990195135927845
MSLesSeg,P13_T2,32,140,8.21110255092798,10.1104335791443
MSLesSeg,P13_T2,33,739,19.35755975068582,20.672315572906
MSLesSeg,P13_T2,34,3,2.414213562373095,2.414213562373095
MSLesSeg,P13_T2,35,1014,24.706539182259394,27.870057685088806
MSLesSeg,P13_T2,36,524,17.15549442140351,18.69180601295413
MSLesSeg,P13_T2,37,27,6.385164807134504,6.385164807134504
MSLesSeg,P13_T2,38,3,3.0,3.0
MSLesSeg,P13_T2,39,871,21.591260281974,22.470910553583888
MSLesSeg,P13_T2,40,45,7.082762530298219,7.164414002968976
MSLesSeg,P13_T2,41,36,5.47213595499958,5.58257569495584
MSLesSeg,P13_T2,42,19,6.0990195135927845,6.196152422706632
MSLesSeg,P13_T2,43,68,8.071067811865476,8.483314773547882
MSLesSeg,P13_T2,44,15,5.47213595499958,5.47213595499958
MSLesSeg,P13_T2,45,70,7.4031242374328485,7.48074069840786
MSLesSeg,P13_T2,46,49,7.324555320336759,7.4031242374328485
MSLesSeg,P13_T2,47,37,6.830951894845301,8.810249675906654
MSLesSeg,P13_T2,48,1,1.0,1.0
MSLesSeg,P13_T2,49,47,6.830951894845301,6.916079783099616
MSLesSeg,P13_T2,50,91,9.54400374531753,9.602325267042627
MSLesSeg,P13_T2,51,6,3.23606797749979,3.23606797749979
MSLesSeg,P13_T2,52,272,14.892443989449804,14.92838827718412
MSLesSeg,P13_T2,53,187,12.180339887498949,13.12435565298214
MSLesSeg,P13_T2,54,28,5.123105625617661,5.242640687119285
MSLesSeg,P13_T2,55,24,4.60555127546399,4.60555127546399
MSLesSeg,P13_T2,56,50,6.385164807134504,6.916079783099616
MSLesSeg,P13_T2,57,14,3.23606797749979,3.449489742783178
MSLesSeg,P13_T2,58,2,2.0,2.0
MSLesSeg,P13_T2,59,184,14.92838827718412,15.696938456699069
MSLesSeg,P13_T2,60,97,7.324555320336759,7.4031242374328485
MSLesSeg,P13_T2,61,152,9.06225774829855,10.0
MSLesSeg,P26_T1,1,112,8.615773105863909,9.602325267042627
MSLesSeg,P26_T1,2,132,11.816653826391969,12.789826122551595
MSLesSeg,P26_T1,3,138,8.071067811865476,9.12403840463596
MSLesSeg,P26_T1,4,253,10.486832980505138,11.63014581273465
MSLesSeg,P26_T1,5,728,17.55294535724685,18.26267650163207
MSLesSeg,P26_T1,6,79,7.708203932499369,7.782329983125268
MSLesSeg,P26_T1,7,76,8.810249675906654,9.831760866327848
MSLesSeg,P26_T1,8,140,10.433981132056603,10.486832980505138
MSLesSeg,P26_T1,9,156,12.40175425099138,13.083045973594572
MSLesSeg,P26_T1,10,86,9.06225774829855,10.0
MSLesSeg,P26_T1,11,158,8.810249675906654,8.874007874011811
MSLesSeg,P26_T1,12,10,4.16227766016838,4.16227766016838
MSLesSeg,P26_T1,13,823,22.213203435596427,23.9128784747792
MSLesSeg,P26_T1,14,50,7.082762530298219,7.082762530298219
MSLesSeg,P26_T1,15,60,6.0,6.385164807134504
MSLesSeg,P26_T1,16,305,11.816653826391969,12.575836902790225
MSLesSeg,P26_T1,17,105,10.219544457292887,10.695359714832659
MSLesSeg,P26_T1,18,30,5.47213595499958,5.58257569495584
MSLesSeg,P26_T1,19,55,7.708203932499369,8.0
MSLesSeg,P26_T1,20,37,4.60555127546399,5.69041575982343
MSLesSeg,P26_T1,21,209,11.0,11.44030650891055
MSLesSeg,P26_T1,22,69,6.830951894845301,7.557438524302
MSLesSeg,P26_T1,23,193,10.433981132056603,11.198039027185569
MSLesSeg,P26_T1,24,85,7.4031242374328485,7.48074069840786
MSLesSeg,P26_T1,25,106,8.21110255092798,9.602325267042627
MSLesSeg,P26_T1,26,28,5.123105625617661,5.123105625617661
MSLesSeg,P26_T1,27,173,11.0,11.0
MSLesSeg,P26_T1,28,74,8.810249675906654,8.874007874011811
MSLesSeg,P26_T1,29,89,9.602325267042627,10.0
MSLesSeg,P26_T1,30,116,9.602325267042627,10.16515138991168
MSLesSeg,P26_T1,31,168,12.40175425099138,12.575836902790225
MSLesSeg,P26_T1,32,320,16.811388300841898,16.84297951775486
MSLesSeg,P26_T1,33,108,8.21110255092798,8.483314773547882
MSLesSeg,P26_T1,34,108,10.433981132056603,10.433981132056603
MSLesSeg,P26_T1,35,622,21.12461179749811,22.77154105707724
MSLesSeg,P26_T1,36,23,4.60555127546399,4.60555127546399
MSLesSeg,P26_T1,37,226,11.04987562112089,11.246950765959598
MSLesSeg,P26_T1,38,35,5.47213595499958,5.58257569495584
MSLesSeg,P26_T1,39,84,7.4031242374328485,8.071067811865476
MSLesSeg,P26_T1,40,89,9.06225774829855,9.12403840463596
MSLesSeg,P26_T1,41,117,8.615773105863909,8.874007874011811
MSLesSeg,P26_T1,42,20,5.123105625617661,5.123105625617661
MSLesSeg,P26_T1,43,44,5.47213595499958,6.385164807134504
MSLesSeg,P2_T1,1,73,8.21110255092798,9.602325267042627
MSLesSeg,P2_T1,2,109,8.810249675906654,9.06225774829855
MSLesSeg,P2_T1,3,129,9.54400374531753,9.774964387392123
MSLesSeg,P2_T1,4,35,5.47213595499958,5.58257569495584
MSLesSeg,P2_T1,5,455,12.704699910719626,13.083045973594572
MSLesSeg,P2_T1,6,74,9.94427190999916,10.0
MSLesSeg,P2_T1,7,201,14.601470508735444,14.638181696985855
MSLesSeg,P2_T1,8,144,8.21110255092798,8.54983443527075
MSLesSeg,P2_T1,9,48,9.54400374531753,9.54400374531753
MSLesSeg,P2_T1,10,151,9.602325267042627,9.831760866327848
MSLesSeg,P2_T1,11,250,9.94427190999916,10.433981132056603
MSLesSeg,P2_T1,12,428,17.64331697709324,18.05872210923198
MSLesSeg,P2_T1,13,2,2.0,2.0
MSLesSeg,P2_T1,14,38,6.385164807134504,6.916079783099616
MSLesSeg,P2_T1,15,48,6.0,6.0990195135927845
MSLesSeg,P2_T1,16,76,7.708203932499369,8.280109889280517
MSLesSeg,P2_T2,1,41,7.4031242374328485,8.14142842854285
MSLesSeg,P2_T2,2,150,10.433981132056603,13.206555615733702
MSLesSeg,P2_T2,3,168,10.433981132056603,10.643650760992955
MSLesSeg,P2_T2,4,63,7.708203932499369,7.782329983125268
MSLesSeg,P2_T2,5,91,8.810249675906654,9.602325267042627
MSLesSeg,P2_T2,6,644,14.601470508735444,14.92838827718412
MSLesSeg,P2_T2,7,84,10.055385138137417,10.695359714832659
MSLesSeg,P2_T2,8,34,6.830951894845301,6.916079783099616
MSLesSeg,P2_T2,9,56,9.246211251235321,9.306623862918075
MSLesSeg,P2_T2,10,158,10.219544457292887,11.488088481701515
MSLesSeg,P2_T2,11,225,11.295630140987,11.488088481701515
MSLesSeg,P2_T2,12,120,8.21110255092798,8.810249675906654
MSLesSeg,P2_T2,13,79,7.708203932499369,8.0
MSLesSeg,P2_T2,14,184,12.661903789690601,12.661903789690601
MSLesSeg,P2_T2,15,270,10.219544457292887,10.273618495495704
MSLesSeg,P2_T2,16,748,18.204650534085253,18.944358444926362
MSLesSeg,P2_T2,17,9,3.23606797749979,3.23606797749979
MSLesSeg,P2_T2,18,64,7.324555320336759,7.324555320336759
MSLesSeg,P2_T2,19,40,6.385164807134504,6.744562646538029
MSLesSeg,P2_T2,20,58,8.280109889280517,8.348469228349535
MSLesSeg,P2_T3,1,94,8.071067811865476,9.12403840463596
MSLesSeg,P2_T3,2,108,9.06225774829855,9.306623862918075
MSLesSeg,P2_T3,3,125,9.246211251235321,9.602325267042627
MSLesSeg,P2_T3,4,143,15.560219778561036,15.594519519326424
MSLesSeg,P2_T3,5,404,13.206555615733702,13.569805089976535
MSLesSeg,P2_T3,6,31,7.324555320336759,7.324555320336759
MSLesSeg,P2_T3,7,121,9.602325267042627,9.660254037844387
MSLesSeg,P2_T3,8,184,9.602325267042627,9.831760866327848
MSLesSeg,P2_T3,9,190,11.770329614269007,12.224972160321824
MSLesSeg,P2_T3,10,448,12.40175425099138,12.575836902790225
MSLesSeg,P2_T3,11,539,18.88854381999832,19.466185312619388
MSLesSeg,P2_T3,12,55,6.0,7.0
MSLesSeg,P2_T3,13,28,5.123105625617661,5.242640687119285
MSLesSeg,P2_T3,14,153,9.06225774829855,11.488088481701515
MSLesSeg,P2_T4,1,74,9.54400374531753,13.84523257866513
MSLesSeg,P2_T4,2,105,6.830951894845301,7.164414002968976
MSLesSeg,P2_T4,3,55,6.830951894845301,8.071067811865476
MSLesSeg,P2_T4,4,131,9.54400374531753,10.1104335791443
MSLesSeg,P2_T4,5,59,8.280109889280517,9.306623862918075
MSLesSeg,P2_T4,6,480,13.206555615733702,13.24744871391589
MSLesSeg,P2_T4,7,61,9.06225774829855,9.06225774829855
MSLesSeg,P2_T4,8,51,6.385164807134504,6.477225575051661
MSLesSeg,P2_T4,9,263,11.0,11.44030650891055
MSLesSeg,P2_T4,10,100,7.708203932499369,8.0
MSLesSeg,P2_T4,11,258,12.40175425099138,12.789826122551595
MSLesSeg,P2_T4,12,37,7.324555320336759,8.348469228349535
MSLesSeg,P2_T4,13,369,11.295630140987,11.44030650891055
MSLesSeg,P2_T4,14,647,17.64331697709324,18.204650534085253
MSLesSeg,P2_T4,15,1,1.0,1.0
MSLesSeg,P2_T4,16,49,6.830951894845301,7.708203932499369
MSLesSeg,P2_T4,17,53,6.830951894845301,6.916079783099616
MSLesSeg,P2_T4,18,147,9.06225774829855,10.38083151964686
MSLesSeg,P47_T1,1,21,4.60555127546399,4.741657386773941
MSLesSeg,P47_T1,2,59,6.0,6.196152422706632
MSLesSeg,P47_T1,3,552,19.027756377319946,19.05547008526779
MSLesSeg,P47_T1,4,70,7.324555320336759,7.6332495807108
MSLesSeg,P47_T1,5,200,16.620499351813308,19.384776310850235
MSLesSeg,P47_T1,6,3502,66.55150646628954,68.7421582177598
MSLesSeg,P47_T1,7,96,11.63014581273465,12.789826122551595
MSLesSeg,P47_T1,8,27,4.60555127546399,4.741657386773941
MSLesSeg,P47_T1,9,26,4.60555127546399,4.741657386773941
MSLesSeg,P47_T1,10,124,12.180339887498949,13.806248474865697
MSLesSeg,P47_T1,11,55,6.0,6.385164807134504
MSLesSeg,P47_T1,12,8,3.8284271247461903,3.8284271247461903
MSLesSeg,P47_T1,13,20,5.123105625617661,5.123105625617661
MSLesSeg,P47_T1,14,15,3.8284271247461903,4.0
MSLesSeg,P47_T1,15,95,9.94427190999916,10.0
MSLesSeg,P47_T1,16,129,10.219544457292887,11.677078252031311
MSLesSeg,P47_T1,17,17,5.123105625617661,5.242640687119285
MSLesSeg,P47_T1,18,65,8.071067811865476,8.14142842854285
MSLesSeg,P47_T1,19,27,6.830951894845301,6.916079783099616
MSLesSeg,P47_T1,20,96,10.219544457292887,10.273618495495704
MSLesSeg,P47_T1,21,622,15.422205101855956,17.431676725154983
MSLesSeg,P47_T1,22,87,8.810249675906654,9.06225774829855
MSLesSeg,P47_T1,23,192,12.40175425099138,12.40175425099138
MSLesSeg,P47_T1,24,25,6.385164807134504,6.477225575051661
MSLesSeg,P47_T1,25,198,11.816653826391969,12.0
MSLesSeg,P47_T1,26,95,7.4031242374328485,8.681145747868609
MSLesSeg,P47_T1,27,106,9.54400374531753,9.774964387392123
MSLesSeg,P47_T1,28,5,3.23606797749979,3.23606797749979
MSLesSeg,P47_T1,29,22,4.60555127546399,4.741657386773941
MSLesSeg,P47_T1,30,20,4.60555127546399,5.123105625617661
MSLesSeg,P47_T1,31,76,7.324555320336759,7.557438524302
MSLesSeg,P47_T1,32,13,3.23606797749979,3.449489742783178
MSLesSeg,P47_T1,33,174,12.313708498984761,13.083045973594572
MSLesSeg,P47_T1,34,67,8.615773105863909,8.615773105863909
MSLesSeg,P47_T1,35,38,5.242640687119285,6.385164807134504
MSLesSeg,P47_T1,36,263,11.816653826391969,14.379088160259652
MSLesSeg,P47_T1,37,15,4.16227766016838,4.16227766016838
MSLesSeg,P47_T1,38,6029,64.06346010171025,65.50581369148055
MSLesSeg,P47_T1,39,1594,27.30589287593181,32.128764832546764
MSLesSeg,P47_T1,40,2670,42.19465984809196,45.98888751680797
MSLesSeg,P47_T1,41,35,6.0,6.385164807134504
MSLesSeg,P47_T1,42,17,4.60555127546399,4.60555127546399
MSLesSeg,P47_T1,43,79,7.324555320336759,7.4031242374328485
MSLesSeg,P47_T1,44,58,6.385164807134504,6.744562646538029
MSLesSeg,P47_T1,45,9,3.23606797749979,3.449489742783178
MSLesSeg,P47_T1,46,87,8.615773105863909,8.874007874011811
MSLesSeg,P47_T1,47,1,1.0,1.0
MSLesSeg,P47_T1,48,224,13.041594578792296,15.142135623730951
MSLesSeg,P47_T1,49,40,5.47213595499958,5.69041575982343
MSLesSeg,P47_T1,50,40,5.47213595499958,5.898979485566356
MSLesSeg,P47_T1,51,88,11.816653826391969,11.862780491200215
MSLesSeg,P47_T1,52,12,4.60555127546399,4.60555127546399
MSLesSeg,P47_T1,53,118,12.180339887498949,12.357816691600547
MSLesSeg,P47_T1,54,1,1.0,1.0
MSLesSeg,P47_T1,55,91,9.06225774829855,9.06225774829855
MSLesSeg,P47_T1,56,31,6.0990195135927845,6.0990195135927845
MSLesSeg,P47_T1,57,76,6.830951894845301,8.681145747868609
MSLesSeg,P47_T1,58,2,2.0,2.0
MSLesSeg,P47_T1,59,212,9.602325267042627,10.486832980505138
MSLesSeg,P49_T1,1,732,20.1049731745428,21.904544960366874
MSLesSeg,P49_T1,2,71,8.21110255092798,8.483314773547882
MSLesSeg,P49_T1,3,47,5.47213595499958,6.0990195135927845
MSLesSeg,P49_T1,4,96,9.48528137423857,9.54400374531753
MSLesSeg,P49_T1,5,69,6.830951894845301,7.164414002968976
MSLesSeg,P49_T1,6,17982,77.6550715869472,86.53361912137238
MSLesSeg,P49_T1,7,545,16.620499351813308,16.65247584249853
MSLesSeg,P49_T1,8,32,5.47213595499958,5.58257569495584
MSLesSeg,P49_T1,9,166,9.54400374531753,9.54400374531753
MSLesSeg,P49_T1,10,60,6.0,6.385164807134504
MSLesSeg,P49_T1,11,11,4.60555127546399,4.60555127546399
MSLesSeg,P49_T1,12,291,15.422205101855956,15.560219778561036
MSLesSeg,P49_T1,13,9,4.16227766016838,4.16227766016838
MSLesSeg,P49_T1,14,7665,94.02150289046077,94.02687783646186
MSLesSeg,P49_T1,15,103,14.038404810405298,14.638181696985855
MSLesSeg,P49_T1,16,168,13.206555615733702,15.035668847618199
MSLesSeg,P49_T1,17,168,11.0,11.04987562112089
MSLesSeg,P49_T1,18,5335,59.9406481131655,59.957611891934704
MSLesSeg,P49_T1,19,30,13.649110640673518,13.649110640673518
MSLesSeg,P49_T1,20,66,6.830951894845301,7.708203932499369
MSLesSeg,P49_T1,21,4,3.0,3.0
MSLesSeg,P49_T1,22,351,26.179356624028344,26.573423705088842
MSLesSeg,P49_T1,23,38,6.656854249492381,6.744562646538029
MSLesSeg,P49_T1,24,98,8.615773105863909,8.874007874011811
MSLesSeg,P49_T1,25,130,8.810249675906654,8.874007874011811
MSLesSeg,P49_T1,26,56,7.4031242374328485,8.071067811865476
MSLesSeg,P49_T1,27,271,14.601470508735444,14.92838827718412
MSLesSeg,P49_T1,28,60,6.385164807134504,6.477225575051661
MSLesSeg,P49_T1,29,8,3.8284271247461903,3.8284271247461903
MSLesSeg,P49_T1,30,47,6.0,6.0990195135927845
MSLesSeg,P49_T2,1,524,17.278820596099706,18.74823934929885
MSLesSeg,P49_T2,2,98,8.810249675906654,8.874007874011811
MSLesSeg,P49_T2,3,137,12.40175425099138,12.445523142259598
MSLesSeg,P49_T2,4,63,6.656854249492381,6.744562646538029
MSLesSeg,P49_T2,5,291,14.0,15.45683229480096
MSLesSeg,P49_T2,6,367,16.231546211727817,16.264337522473745
MSLesSeg,P49_T2,7,63,7.324555320336759,7.4031242374328485
MSLesSeg,P49_T2,8,950,35.0147027033899,35.07345007480164
MSLesSeg,P49_T2,9,167,16.231546211727817,16.811388300841898
MSLesSeg,P49_T2,10,173,10.219544457292887,10.433981132056603
MSLesSeg,P49_T2,11,133,11.770329614269007,12.789826122551595
MSLesSeg,P49_T2,12,57,7.4031242374328485,8.348469228349535
MSLesSeg,P49_T2,13,461,13.206555615733702,14.601470508735444
MSLesSeg,P49_T2,14,3256,83.38931969618392,84.17451532771321
MSLesSeg,P49_T2,15,294,19.384776310850235,19.708286933869708
MSLesSeg,P49_T2,16,150,10.433981132056603,10.486832980505138
MSLesSeg,P49_T2,17,334,15.422205101855956,15.45683229480096
MSLesSeg,P49_T2,18,57,6.385164807134504,7.4031242374328485
MSLesSeg,P49_T2,19,188,8.280109889280517,8.874007874011811
MSLesSeg,P52_T1,1,46,6.385164807134504,6.830951894845301
MSLesSeg,P52_T1,2,31,5.242640687119285,5.242640687119285
MSLesSeg,P52_T1,3,360,19.35755975068582,32.890437438203946
MSLesSeg,P52_T1,4,82,9.94427190999916,10.0
MSLesSeg,P52_T1,5,37,6.385164807134504,6.744562646538029
MSLesSeg,P52_T1,6,3,2.414213562373095,2.414213562373095
MSLesSeg,P52_T1,7,2,2.0,2.0
MSLesSeg,P52_T1,8,149,12.40175425099138,12.445523142259598
MSLesSeg,P52_T1,9,32,5.242640687119285,5.69041575982343
MSLesSeg,P52_T1,10,25,5.242640687119285,5.242640687119285
MSLesSeg,P52_T1,11,353,13.083045973594572,13.68857754044952
MSLesSeg,P52_T1,12,255,15.7648230602334,16.937377450509228
MSLesSeg,P52_T1,13,70,6.830951894845301,7.164414002968976
MSLesSeg,P52_T1,14,299,15.422205101855956,15.560219778561036
MSLesSeg,P52_T1,15,117,10.899494936611665,11.954451150103322
MSLesSeg,P52_T1,16,177,12.180339887498949,12.357816691600547
MSLesSeg,P52_T1,17,54,5.47213595499958,6.385164807134504
MSLesSeg,P52_T1,18,312,15.866068747318506,16.588457268119896
MSLesSeg,P52_T1,19,44,6.830951894845301,9.602325267042627
MSLesSeg,P52_T1,20,410,14.416407864998739,14.96424004376894
MSLesSeg,P52_T1,21,38,7.082762530298219,7.164414002968976
MSLesSeg,P52_T1,22,100,10.433981132056603,10.643650760992955
MSLesSeg,P52_T1,23,1,1.0,1.0
MSLesSeg,P52_T1,24,71,8.810249675906654,10.1104335791443
MSLesSeg,P52_T1,25,37,5.242640687119285,5.358898943540674
MSLesSeg,P52_T1,26,86,9.602325267042627,10.643650760992955
MSLesSeg,P52_T1,27,18,4.16227766016838,4.3166247903554
MSLesSeg,P52_T1,28,97,9.06225774829855,10.1104335791443
MSLesSeg,P52_T2,1,726,17.278820596099706,17.30950643030009
MSLesSeg,P52_T2,2,254,15.866068747318506,16.394804318340654
MSLesSeg,P52_T2,3,288,16.524174696260026,16.556349186104043
MSLesSeg,P52_T2,4,70,8.280109889280517,8.280109889280517
MSLesSeg,P52_T2,5,96,8.21110255092798,8.280109889280517
MSLesSeg,P52_T2,6,162,12.661903789690601,13.041594578792296
MSLesSeg,P52_T2,7,18,5.47213595499958,5.58257569495584
MSLesSeg,P52_T2,8,194,14.92838827718412,15.071247279470288
MSLesSeg,P52_T2,9,468,18.69180601295413,18.72004514666935
MSLesSeg,P52_T2,10,132,9.06225774829855,11.723805294763608
MSLesSeg,P52_T2,11,70,8.280109889280517,8.348469228349535
MSLesSeg,P52_T2,12,175,9.94427190999916,10.433981132056603
MSLesSeg,P52_T2,13,98,7.4031242374328485,7.48074069840786
MSLesSeg,P52_T2,14,92,9.54400374531753,9.602325267042627
3D-MR-MS,patient03,1,23,2.7645250332575904,2.760282371673601
3D-MR-MS,patient03,2,1525,18.980961345138205,25.653002985260148
3D-MR-MS,patient03,3,239,6.190572944875173,6.705601490487588
3D-MR-MS,patient03,4,25,2.5650637289060527,2.6754803995463625
3D-MR-MS,patient03,5,26,2.5093750059604645,2.511872432648588
3D-MR-MS,patient03,6,46,3.41601826744483,3.4304616067176004
3D-MR-MS,patient03,7,7,2.3016262284203393,2.246417893100184
3D-MR-MS,patient03,8,1406,22.077057321780206,23.522089231152858
3D-MR-MS,patient03,9,6,2.4888038469500415,2.433595511629887
3D-MR-MS,patient03,10,50,3.41601826744483,3.7657842224750726
3D-MR-MS,patient03,11,1494,22.319741289012498,23.245613517723807
3D-MR-MS,patient03,12,1,0.6343750059604645,0.5791666706403097
3D-MR-MS,patient03,13,11,1.8668141602693036,1.9049918853650865
3D-MR-MS,patient03,14,694,13.997690334057948,16.352086603976026
3D-MR-MS,patient03,15,55,3.110897584410636,3.455429993302883
3D-MR-MS,patient03,16,27,2.672910023828317,2.8229427889447822
3D-MR-MS,patient03,17,257,9.086613895711048,13.036054832282503
3D-MR-MS,patient03,18,115,5.787590088474051,6.449923175269463
3D-MR-MS,patient03,19,54,3.6132205933590793,4.326608508957949
3D-MR-MS,patient03,20,21,2.4888038469500415,2.4919219840021483
3D-MR-MS,patient03,21,121,4.7114450416961695,5.056021228715809
3D-MR-MS,patient13,1,124,7.9704189403608305,8.915422782939682
3D-MR-MS,patient13,2,73,7.024825087851842,6.969616752531687
3D-MR-MS,patient13,3,128227,99.61796283726866,116.9518982494152
3D-MR-MS,patient13,4,292,12.261559022623684,12.20635068730353
3D-MR-MS,patient13,5,57,4.129734696704149,4.105817479860835
3D-MR-MS,patient13,6,48,5.052024321698096,5.0216155492811385
3D-MR-MS,patient13,7,1,0.6343750059604645,0.5791666706403097
3D-MR-MS,patient13,8,1,0.6343750059604645,0.5791666706403097
3D-MR-MS,patient13,9,112,6.447967014292074,6.392758678971919
3D-MR-MS,patient13,10,114,5.517342006688597,6.542023749200649
3D-MR-MS,patient13,11,61,5.270447108434407,5.2388760072660565
3D-MR-MS,patient13,12,1013,19.734261549336807,20.227171737502758
3D-MR-MS,patient13,13,16,2.4888038469500415,2.4919219840021483
3D-MR-MS,patient13,14,683,15.56366455134808,16.186858336572012
3D-MR-MS,patient13,15,12,2.3016262284203393,2.3110596238259116
3D-MR-MS,patient13,16,273,8.15682162508909,9.481997207025962
3D-MR-MS,patient13,17,5,1.5718750059604645,1.627323535093336
3D-MR-MS,patient13,18,1,0.6343750059604645,0.5791666706403097
3D-MR-MS,patient13,19,1,0.6343750059604645,0.5791666706403097
3D-MR-MS,patient13,20,2,1.1031250059604645,1.0479166706403098
3D-MR-MS,patient13,21,885,11.806299958544836,14.615105486058956
3D-MR-MS,patient13,22,1273,11.581190241684093,13.17326408765061
3D-MR-MS,patient13,23,237,7.8453719300198514,8.935781313504798
3D-MR-MS,patient13,24,176,7.130939251664951,7.593407209114413
3D-MR-MS,patient13,25,40,5.146342607660852,5.115418229063183
3D-MR-MS,patient13,26,174,9.890508394800834,10.520842311061152
3D-MR-MS,patient13,27,2,1.1031250059604645,1.0479166706403098
3D-MR-MS,patient13,28,1,0.6343750059604645,0.5791666706403097
3D-MR-MS,patient13,29,1,0.6343750059604645,0.5791666706403097
3D-MR-MS,patient13,30,756,9.937115314554783,10.615382402712989
3D-MR-MS,patient13,31,52,5.146342607660852,5.0975060386021145
3D-MR-MS,patient13,32,10,1.8668141602693036,1.8977389407770233
3D-MR-MS,patient13,33,1,0.6343750059604645,0.5791666706403097
3D-MR-MS,patient13,34,210,5.93526740141747,6.9134237545591315
3D-MR-MS,patient13,35,1,0.6343750059604645,0.5791666706403097
3D-MR-MS,patient13,36,34396,69.68786008081696,70.5556206639903
3D-MR-MS,patient13,37,85,5.524176303235964,5.468967967915809
3D-MR-MS,patient13,38,4,1.1316626073623883,1.2420792780026981
3D-MR-MS,patient13,39,2,1.1031250059604645,1.0479166706403098
3D-MR-MS,patient13,40,58,4.7114450416961695,5.115418229063183
3D-MR-MS,patient13,41,214,6.580502254877483,7.68529577088449
3D-MR-MS,patient13,42,1,0.6343750059604645,0.5791666706403097
3D-MR-MS,patient13,43,98,4.894675060554716,10.148131037780614
3D-MR-MS,patient13,44,1,0.6343750059604645,0.5791666706403097
3D-MR-MS,patient13,45,1,0.6343750059604645,0.5791666706403097
3D-MR-MS,patient13,46,12,2.2522560527539195,2.2635851590432026
3D-MR-MS,patient13,47,18,2.457487822087165,2.567904492727475
3D-MR-MS,patient13,48,71,5.270447108434407,5.667161932955041
3D-MR-MS,patient13,49,10,2.672910023828317,2.6709007793581185
3D-MR-MS,patient13,50,1498,13.188198319434301,17.374378671006294
3D-MR-MS,patient13,51,2,1.1031250059604645,1.0479166706403098
3D-MR-MS,patient13,52,8,1.7945752147247767,1.9049918853650865
3D-MR-MS,patient13,53,5,2.5093750059604645,2.45416667064031
3D-MR-MS,patient18,1,12,1.983954230405085,1.9940327530050759
3D-MR-MS,patient18,2,82,4.434374988079071,4.497371485369405
3D-MR-MS,patient18,3,6,1.621874988079071,1.6606568565057405
3D-MR-MS,patient18,4,219,8.853890052685943,9.039284831999792
3D-MR-MS,patient18,5,68,4.5492861611663,4.778376918145767
3D-MR-MS,patient18,6,39,3.7286382283823643,3.7978484700472186
3D-MR-MS,patient18,7,220,6.973008653340111,7.174705290262646
3D-MR-MS,patient18,8,54,3.6395676875216347,3.9844256497205435
3D-MR-MS,patient18,9,52,4.5492861611663,4.589489384275743
3D-MR-MS,patient18,10,147,5.9909892737716355,6.4136480887329235
3D-MR-MS,patient18,11,59,4.5492861611663,4.589489384275743
3D-MR-MS,patient18,12,35,3.7286382283823643,4.454465991220576
3D-MR-MS,patient18,13,1315,24.555856856493683,25.480294765746414
3D-MR-MS,patient18,14,38,3.971565979451782,3.9329444165630694
3D-MR-MS,patient18,15,663,11.214398926662884,12.513566631176165
3D-MR-MS,patient18,16,277,12.976560060118437,13.249165387968624
3D-MR-MS,patient18,17,18,2.968568257230923,2.944294462699436
3D-MR-MS,patient18,18,1093,17.48095316269114,17.82259988647095
3D-MR-MS,patient18,19,137,5.559374878039727,6.102280883820291
3D-MR-MS,patient18,20,17,3.1949852763525532,3.2924384744781325
3D-MR-MS,patient18,21,113,4.583112715057113,4.649675821300421
3D-MR-MS,patient21,1,332,7.373996726398551,7.7315264544345474
3D-MR-MS,patient21,2,55,6.539933907080733,6.484725571760578
3D-MR-MS,patient21,3,18,2.2522560527539195,2.449045097590438
3D-MR-MS,patient21,4,239,6.447967014292074,6.742072392509297
3D-MR-MS,patient21,5,113,4.874367876159324,5.224628183952133
3D-MR-MS,patient21,6,169550,129.60746085242025,137.39812863214053
3D-MR-MS,patient21,7,185,7.124875949423984,8.01167821003284
3D-MR-MS,patient21,8,507,13.354353616557043,14.127258253646916
3D-MR-MS,patient21,9,130,5.249080793993236,5.837066278785863
3D-MR-MS,patient21,10,229,6.113247458808888,6.2800746317964515
3D-MR-MS,patient21,11,11,1.8668141602693036,2.1276538417442508
3D-MR-MS,patient21,12,88,5.900555445487901,6.34335095674371
3D-MR-MS,patient21,13,1,0.6343750059604645,0.5791666706403097
3D-MR-MS,patient21,14,1,0.6343750059604645,0.5791666706403097
3D-MR-MS,patient21,15,45,4.894675060554716,5.940522945113884
3D-MR-MS,patient21,16,437,15.841601362138261,15.786393026818107
3D-MR-MS,patient21,17,1,0.6343750059604645,0.5791666706403097
3D-MR-MS,patient21,18,838,11.338289774417463,14.722788288553565
3D-MR-MS,patient21,19,2,1.1031250059604645,1.0479166706403098
3D-MR-MS,patient21,20,55,4.343232687939619,4.404677297363987
3D-MR-MS,patient21,21,2,1.1031250059604645,1.0479166706403098
3D-MR-MS,patient21,22,1,0.6343750059604645,0.5791666706403097
3D-MR-MS,patient21,23,10,2.2522560527539195,2.197047717433765
3D-MR-MS,patient21,24,41,4.331692468886981,4.30608000262985
3D-MR-MS,patient21,25,23,3.2109825472172577,3.198065863843702
3D-MR-MS,patient21,26,101,5.052024321698096,6.029872632638386
3D-MR-MS,patient21,27,1,0.6343750059604645,0.5791666706403097
3D-MR-MS,patient21,28,1,0.6343750059604645,0.5791666706403097
3D-MR-MS,patient21,29,124,5.052024321698096,5.305199965200764
3D-MR-MS,patient21,30,78,4.661747231039389,4.966510897809609
3D-MR-MS,patient21,31,1,0.6343750059604645,0.5791666706403097
3D-MR-MS,patient21,32,72,4.7904114643560405,5.632422135848988
3D-MR-MS,patient21,33,14,2.2522560527539195,2.2692688310140547
3D-MR-MS,patient21,34,124,5.15625,5.334443347036068
3D-MR-MS,patient21,35,147,5.900555445487901,6.34335095674371
3D-MR-MS,patient21,36,129,8.492457547792355,8.642657405525139
3D-MR-MS,patient21,37,685,15.719466986995712,15.664258651675558
3D-MR-MS,patient21,38,988,11.689803682561802,11.644528381218018
3D-MR-MS,patient21,39,444,7.7908590711624885,8.403268076244393
3D-MR-MS,patient21,40,2,1.4343750178813934,1.3791666825612388
3D-MR-MS,patient21,41,116,4.6008803151307145,4.78757532833692
3D-MR-MS,patient21,42,230,6.315979094514461,6.812970740920792
3D-MR-MS,patient21,43,164,5.929453085429716,6.84811923958239
3D-MR-MS,patient21,44,7,3.868525105704721,3.8133167703845663
3D-MR-MS,patient21,45,28,3.41601826744483,4.54567197981056
3D-MR-MS,patient21,46,83,4.928306954835934,5.357490940881236
3D-MR-MS,patient21,47,398,7.105899193134285,8.572938690271416
3D-MR-MS,patient21,48,1,0.6343750059604645,0.5791666706403097
3D-MR-MS,patient21,49,21,3.07972298409392,3.0690368071457015
3D-MR-MS,patient21,50,16,2.2522560527539195,2.2635851590432026
3D-MR-MS,patient21,51,408,7.679012310261198,8.741535075960018
3D-MR-MS,patient21,52,29,2.8125,3.1316317930844826
3D-MR-MS,patient21,53,80,4.7114450416961695,5.187502366831934
3D-MR-MS,patient21,54,344,9.109716076918817,9.170379933711684
3D-MR-MS,patient21,55,35,2.8125,2.92291667064031
3D-MR-MS,patient21,56,16,2.5650637289060527,2.8229427889447822
3D-MR-MS,patient21,57,116,5.15625,5.895933346806751
3D-MR-MS,patient21,58,13,2.4888038469500415,2.4919219840021483
3D-MR-MS,patient21,59,273,8.227943136209461,9.00249736693103
3D-MR-MS,patient21,60,24,2.672910023828317,3.0556892490904812
3D-MR-MS,patient21,61,61,3.9156250059604645,4.237600849913388
3D-MR-MS,patient21,62,71,3.84895432074749,4.318923524540566
3D-MR-MS,patient21,63,170,8.668526102126204,8.778942772766515
3D-MR-MS,patient21,64,71,5.086621649135276,5.248217884126983
3D-MR-MS,patient21,65,95,6.749980059564022,9.5542711438582
3D-MR-MS,patient21,66,294,6.702893306804237,7.31684062425188
3D-MR-MS,patient21,67,593,11.806299958544836,12.40258425172326
3D-MR-MS,patient21,68,188,5.9553280831498245,6.2750259189270805
3D-MR-MS,patient21,69,1,0.6343750059604645,0.5791666706403097
3D-MR-MS,patient21,70,254,7.43721972530555,7.593407209114413
3D-MR-MS,patient21,71,102,4.334161524016556,4.4445781946568665
3D-MR-MS,patient21,72,60,4.284936831049029,4.491217373442351
3D-MR-MS,patient21,73,160,7.517237010074435,7.46202867475428
3D-MR-MS,patient21,74,52,4.284936831049029,4.6830948667463215
3D-MR-MS,patient21,75,15,3.110897584410636,3.099660797606982
3D-MR-MS,patient21,76,637,9.683203059293888,12.342996650257373
3D-MR-MS,patient21,77,69,4.501089968926231,4.6900991249715025
3D-MR-MS,patient21,78,136,7.130939251664951,7.24135592230526
3D-MR-MS,patient21,79,3,1.1316626073623883,1.2420792780026981
3D-MR-MS,patient21,80,1,0.6343750059604645,0.5791666706403097
3D-MR-MS,patient21,81,1,0.6343750059604645,0.5791666706403097
3D-MR-MS,patient21,82,645,11.371596890262195,15.037756558081034
3D-MR-MS,patient21,83,165,6.342170665378907,6.5068196911513345
3D-MR-MS,patient21,84,1,0.6343750059604645,0.5791666706403097
3D-MR-MS,patient21,85,1,0.6343750059604645,0.5791666706403097
3D-MR-MS,patient21,86,8,2.158852160373745,2.2692688310140547
3D-MR-MS,patient21,87,252,8.643181195497922,8.642657405525139
3D-MR-MS,patient21,88,14,3.84895432074749,3.9593709913877997
3D-MR-MS,patient21,89,6,1.5718750059604645,1.627323535093336
3D-MR-MS,patient21,90,5,1.7945752147247767,1.9049918853650865
3D-MR-MS,patient21,91,28,2.8125,3.676141012848192
3D-MR-MS,patient21,92,26,3.5584400307288067,3.8238076880062506
3D-MR-MS,patient21,93,42,4.038643643373707,4.149060314014017
3D-MR-MS,patient21,94,1,0.6343750059604645,0.5791666706403097
3D-MR-MS,patient21,95,5,1.5718750059604645,1.627323535093336
3D-MR-MS,patient21,96,149,5.524176303235964,5.940522945113884
3D-MR-MS,patient21,97,253,8.4375,9.5542711438582
3D-MR-MS,patient21,98,248,7.645641118232971,8.133503752549009
3D-MR-MS,patient21,99,3,1.1316626073623883,1.2420792780026981
3D-MR-MS,patient21,100,479,12.506231594986119,13.573187336280412
3D-MR-MS,patient21,101,69,3.679966109779455,4.880810635063838
3D-MR-MS,patient21,102,122,4.928306954835934,5.875229484306131
3D-MR-MS,patient21,103,291,7.710989774447829,8.002867136165381
3D-MR-MS,patient21,104,41,4.284936831049029,4.34818615703116
3D-MR-MS,patient21,105,403,10.25653735210364,16.110416685991204
3D-MR-MS,patient21,106,1,0.6343750059604645,0.5791666706403097
3D-MR-MS,patient21,107,33,3.0992533145781427,3.216311210913737
3D-MR-MS,patient21,108,27,3.4702144862966477,3.6854166737104888
3D-MR-MS,patient21,109,42,4.661377457812105,4.771794128452415
3D-MR-MS,patient21,110,9,2.0406250059604645,2.0614843238442373
3D-MR-MS,patient21,111,127,5.270447108434407,5.4238238929664835
3D-MR-MS,patient21,112,138,7.450030901265269,7.410922802536642
3D-MR-MS,patient21,113,310,7.373996726398551,9.328778338920403
3D-MR-MS,patient21,114,238,6.997682004930056,7.156928687015901
3D-MR-MS,patient21,115,151,6.342170665378907,6.730595634438996
3D-MR-MS,patient21,116,135,8.956692996410084,9.363876852778443
3D-MR-MS,patient21,117,40,5.808019953126549,5.774003395874045
3D-MR-MS,patient21,118,63,5.146342607660852,5.115418229063183
3D-MR-MS,patient21,119,114,5.451630849719367,5.8126264859817764
3D-MR-MS,patient21,120,5,1.5718750059604645,1.627323535093336
3D-MR-MS,patient21,121,29,2.7645250332575904,2.906492472670173
3D-MR-MS,patient21,122,55,3.988948635225647,4.318923524540566
3D-MR-MS,patient21,123,163,6.132677800122456,7.535239793937776
3D-MR-MS,patient21,124,6,1.5718750059604645,1.627323535093336
3D-MR-MS,patient21,125,26,3.4721847491944864,3.567823624657272
3D-MR-MS,patient21,126,51,3.870137099547375,3.9480036474460953
3D-MR-MS,patient21,127,13,3.988948635225647,3.9337402999054922
3D-MR-MS,patient21,128,114,4.894675060554716,6.215939100868071
3D-MR-MS,patient21,129,61,4.915702959611783,5.0975060386021145
3D-MR-MS,patient21,130,103,5.294826628587656,5.471100403232513
3D-MR-MS,patient21,131,855,12.830251998102211,12.922791781262475
3D-MR-MS,patient21,132,90,5.15625,5.712197727586438
3D-MR-MS,patient21,133,142,6.033163216178934,6.43221408900055
3D-MR-MS,patient21,134,243,7.293853021200486,7.706855320136818
3D-MR-MS,patient21,135,531,7.935498656137592,9.834074600454478
3D-MR-MS,patient21,136,269,8.029009931813498,7.988643861990959
3D-MR-MS,patient21,137,11,2.2522560527539195,2.2635851590432026
3D-MR-MS,patient21,138,151,5.3218750059604645,5.487649450613562
3D-MR-MS,patient21,139,228,7.43721972530555,7.593407209114413
3D-MR-MS,patient21,140,43,4.038643643373707,4.974250040904574
3D-MR-MS,patient21,141,95,4.894675060554716,5.186370641616175
3D-MR-MS,patient21,142,28,3.4702144862966477,3.9889068578207767
3D-MR-MS,patient21,143,150,7.710989774447829,7.655781439127674
3D-MR-MS,patient21,144,2,1.1031250059604645,1.0479166706403098
3D-MR-MS,patient21,145,81,3.988948635225647,4.216570043468429
3D-MR-MS,patient21,146,103,5.929453085429716,6.687642506668243
3D-MR-MS,patient21,147,7,1.8668141602693036,2.1276538417442508
3D-MR-MS,patient21,148,131,4.7114450416961695,5.373344486509865
3D-MR-MS,patient21,149,1,0.6343750059604645,0.5791666706403097
3D-MR-MS,patient21,150,930,10.565934013377195,11.88622512981286
3D-MR-MS,patient21,151,23,3.4721847491944864,3.9480036474460953
3D-MR-MS,patient21,152,183,7.1968750059604645,7.208292744264193
3D-MR-MS,patient21,153,77,5.086621649135276,5.5972745366766485
3D-MR-MS,patient21,154,146,6.844439300969739,6.954855971610049
3D-MR-MS,patient21,155,18,2.2522560527539195,2.449045097590438
3D-MR-MS,patient21,156,59,4.247933319514946,4.4420964631130495
3D-MR-MS,patient21,157,163,7.937296146476829,8.86852832034536
3D-MR-MS,patient21,158,69,6.253959287479947,6.276414580561452
3D-MR-MS,patient21,159,136,5.587420162860807,5.6201549245736535
3D-MR-MS,patient21,160,12,2.2522560527539195,2.2635851590432026
3D-MR-MS,patient21,161,1,0.6343750059604645,0.5791666706403097
3D-MR-MS,patient21,162,1,0.6343750059604645,0.5791666706403097
3D-MR-MS,patient21,163,5,1.8668141602693036,1.8116058249491487
3D-MR-MS,patient21,164,128,5.900555445487901,6.34335095674371
3D-MR-MS,patient21,165,106,5.7095343222651325,5.88065894466783
3D-MR-MS,patient21,166,40,4.011741077557307,4.4420964631130495
3D-MR-MS,patient21,167,7,1.7945752147247767,1.9049918853650865
3D-MR-MS,patient21,168,48,3.4702144862966477,3.5806311569369575
3D-MR-MS,patient21,169,60,3.202008700708735,3.746295212599721
3D-MR-MS,patient21,170,125,6.132677800122456,6.299313359674908
3D-MR-MS,patient21,171,65,3.988948635225647,4.062278854329112
3D-MR-MS,patient21,172,101,6.315979094514461,6.337597990806721
3D-MR-MS,patient21,173,369,8.752410577756907,11.053092720949651
3D-MR-MS,patient21,174,422,8.509017865904106,13.049351462659265
3D-MR-MS,patient21,175,43,4.247933319514946,4.358349990155255
3D-MR-MS,patient21,176,156,6.398020612815711,6.72520515746851
3D-MR-MS,patient21,177,63,8.757031035231226,8.701822699911071
3D-MR-MS,patient21,178,12,3.4333853064078554,3.5438019770481652
3D-MR-MS,patient21,179,21,3.202008700708735,3.3124253713490446
3D-MR-MS,patient21,180,174,5.085402094591924,5.264620392701118
3D-MR-MS,patient21,181,161,6.033163216178934,5.998266291545423
3D-MR-MS,patient21,182,1,0.6343750059604645,0.5791666706403097
3D-MR-MS,patient21,183,565,9.65831020936124,9.79583806302356
3D-MR-MS,patient21,184,4,1.5169068644530264,1.627323535093336
3D-MR-MS,patient21,185,83,5.36264367605182,6.158096066258607
3D-MR-MS,patient21,186,13,3.1204004294495533,3.230817100089863
3D-MR-MS,patient21,187,8,2.0406250059604645,1.9854166706403098
3D-MR-MS,patient21,188,85,3.9156250059604645,4.052750017714838
3D-MR-MS,patient21,189,15,1.8668141602693036,2.449045097590438
3D-MR-MS,patient21,190,164,6.447967014292074,6.847421300267057
3D-MR-MS,patient21,191,142,6.033163216178934,6.169182897956772
3D-MR-MS,patient21,192,497,12.41957698498309,14.615105486058956
3D-MR-MS,patient21,193,29,3.202008700708735,3.3124253713490446
3D-MR-MS,patient21,194,213,7.18022862341079,7.4787279167482055
3D-MR-MS,patient21,195,96,4.129804535581244,4.91734205912957
3D-MR-MS,patient21,196,10,2.0406250059604645,2.0614843238442373
3D-MR-MS,patient21,197,69,4.129734696704149,4.105817479860835
3D-MR-MS,patient21,198,265,8.451274859028,8.6016789419973
3D-MR-MS,patient21,199,47,3.4721847491944864,3.649844530506676
3D-MR-MS,patient21,200,53,3.5584400307288067,3.649844530506676
3D-MR-MS,patient21,201,1046,11.959542333514651,15.924719039229094
3D-MR-MS,patient21,202,26,3.9156250059604645,3.8937297074522514
3D-MR-MS,patient21,203,18,2.7645250332575904,3.0882206036584794
3D-MR-MS,patient21,204,218,9.313107311303066,9.715736819310624
3D-MR-MS,patient21,205,14,2.2522560527539195,2.2635851590432026
3D-MR-MS,patient21,206,326,9.281143388995172,9.732056516604187
3D-MR-MS,patient21,207,20,2.7645250332575904,2.906492472670173
3D-MR-MS,patient21,208,144,5.086621649135276,6.9134237545591315
3D-MR-MS,patient21,209,28,2.7645250332575904,3.0556892490904812
3D-MR-MS,patient21,210,1,0.6343750059604645,0.5791666706403097
3D-MR-MS,patient21,211,52,3.870137099547375,3.848705306104639
3D-MR-MS,patient21,212,44,4.011741077557307,4.084235547506139
3D-MR-MS,patient21,213,228,6.934675724084477,7.790163594699696
3D-MR-MS,patient21,214,24,4.129734696704149,5.04627743732577
3D-MR-MS,patient21,215,4,2.3016262284203393,2.246417893100184
3D-MR-MS,patient21,216,150,5.086621649135276,5.129046495609468
3D-MR-MS,patient21,217,5,1.8668141602693036,1.8116058249491487
3D-MR-MS,patient21,218,304,12.461847332657912,12.415924174335904
3D-MR-MS,patient21,219,100,4.284936831049029,4.8663933472103675
3D-MR-MS,patient21,220,90,4.890928655651533,5.095197198309179
3D-MR-MS,patient21,221,12,2.2522560527539195,2.2635851590432026
3D-MR-MS,patient21,222,258,7.303379895799963,7.709923750586529
3D-MR-MS,patient21,223,275,6.7050557747952775,7.65283324089232
3D-MR-MS,patient21,224,251,8.533429937852462,8.801031579302697
3D-MR-MS,patient21,225,12,1.8668141602693036,2.1276538417442508
3D-MR-MS,patient21,226,12,3.07972298409392,3.0245146487737653
3D-MR-MS,patient21,227,1,0.6343750059604645,0.5791666706403097
3D-MR-MS,patient21,228,16,2.2522560527539195,2.449045097590438
3D-MR-MS,patient21,229,382,7.679012310261198,8.35049321838269
3D-MR-MS,patient21,230,92,4.011741077557307,4.966510897809609
3D-MR-MS,patient21,231,258,7.105899193134285,7.632468289081359
3D-MR-MS,patient21,232,221,6.309994492428508,6.808488738905505
3D-MR-MS,patient21,233,151,8.063942741310978,9.991760055789877
3D-MR-MS,patient21,234,201,7.124875949423984,8.995983986033531
3D-MR-MS,patient21,235,78,5.929453085429716,6.9134237545591315
3D-MR-MS,patient21,236,59,3.84895432074749,4.052750017714838
3D-MR-MS,patient21,237,159,6.033163216178934,6.123762154674603
3D-MR-MS,patient21,238,20,2.5093750059604645,2.722780008925339
3D-MR-MS,patient21,239,35,5.808019953126549,5.774003395874045
3D-MR-MS,patient21,240,23,2.672910023828317,2.906492472670173
3D-MR-MS,patient21,241,159,5.900555445487901,7.135023450472811
3D-MR-MS,patient21,242,562,11.168167697356244,11.30845085373349
3D-MR-MS,patient21,243,140,4.468758922455198,4.880810635063838
3D-MR-MS,patient21,244,269,7.679012310261198,7.639382057697953
3D-MR-MS,patient21,245,1,0.6343750059604645,0.5791666706403097
3D-MR-MS,patient21,246,29,3.41601826744483,3.3608099321246754
3D-MR-MS,patient21,247,59,4.284936831049029,4.25970035494398
3D-MR-MS,patient21,248,38,3.41601826744483,3.6960687057805512
3D-MR-MS,patient21,249,1,0.6343750059604645,0.5791666706403097
3D-MR-MS,patient26,1,73,4.6008803151307145,5.2338182747000355
3D-MR-MS,patient26,2,15,2.0406250059604645,2.1276538417442508
3D-MR-MS,patient26,3,1245,14.917319461075168,14.960483283953176
3D-MR-MS,patient26,4,2016,32.23145764312508,35.49010309570255
3D-MR-MS,patient26,5,5041,23.820793464502113,28.216625010181023
3D-MR-MS,patient26,6,9,2.0406250059604645,2.0614843238442373
3D-MR-MS,patient26,7,26,3.5584400307288067,3.8238076880062506
3D-MR-MS,patient26,8,781,23.55201047295962,25.648372447781743
3D-MR-MS,patient26,9,2,1.1031250059604645,1.0479166706403098
3D-MR-MS,patient26,10,2,1.1031250059604645,1.0479166706403098
3D-MR-MS,patient26,11,105,5.086621649135276,5.7269590062125
3D-MR-MS,patient26,12,4,1.1316626073623883,1.2420792780026981
3D-MR-MS,patient26,13,7558,31.878497939533037,32.9760348894789
3D-MR-MS,patient26,14,463,12.261559022623684,14.667199115142582
3D-MR-MS,patient26,15,50,4.874367876159324,4.819159540839169
3D-MR-MS,patient26,16,15470,25.93757469985581,27.22678105724349
3D-MR-MS,patient26,17,1118,11.168167697356244,12.873734893841661
3D-MR-MS,patient26,18,1,0.6343750059604645,0.5791666706403097
3D-MR-MS,patient26,19,4,1.1316626073623883,1.2420792780026981
3D-MR-MS,patient26,20,10009,47.95278827386173,47.90686617570705
3D-MR-MS,patient26,21,3499,22.330029096622525,23.327862550495958
3D-MR-MS,patient26,22,16,4.129804535581244,4.240221206221554
3D-MR-MS,patient26,23,106,4.915702959611783,5.026119630252093
3D-MR-MS,patient26,24,17,2.8125,2.92291667064031
3D-MR-MS,patient29,1,229,7.124875949423984,10.875013184302597
3D-MR-MS,patient29,2,29,3.41601826744483,3.660619531574804
3D-MR-MS,patient29,3,12,2.3016262284203393,2.3110596238259116
3D-MR-MS,patient29,4,29,3.110897584410636,3.2271980774732207
3D-MR-MS,patient29,5,16,2.5093750059604645,2.511872432648588
3D-MR-MS,patient29,6,75,3.870137099547375,4.216570043468429
3D-MR-MS,patient29,7,14,2.2522560527539195,2.2635851590432026
3D-MR-MS,patient29,8,81,3.5584400307288067,3.649844530506676
3D-MR-MS,patient29,9,48,3.881301510600243,4.084235547506139
3D-MR-MS,patient29,10,108,6.482505055497149,6.9488366298135436
3D-MR-MS,patient29,11,402,12.112258451600832,13.554437628183408
3D-MR-MS,patient29,12,18,2.2522560527539195,2.449045097590438
3D-MR-MS,patient29,13,69,4.7114450416961695,4.762634888075927
3D-MR-MS,patient29,14,179,5.646262976806528,5.81612969579498
3D-MR-MS,patient29,15,1,0.6343750059604645,0.5791666706403097
3D-MR-MS,patient29,16,49,4.742769671378718,4.714216040277528
3D-MR-MS,patient29,17,38,3.110897584410636,3.099660797606982
3D-MR-MS,patient29,18,44,8.546808456388494,8.49160012106834
3D-MR-MS,patient29,19,339,10.341661286721196,10.868817527163358
3D-MR-MS,patient29,20,32,2.7645250332575904,2.760282371673601
3D-MR-MS,patient29,21,68,4.129734696704149,4.54567197981056
